Row ID,Order ID,Order Date,Country,Region,Category,Sales,Profit,Shipping Cost,Order Priority,,,,
21,MX-2013-167759,19-12-2013,Mexico,North,Furniture,273.472,95.712, 48.17 ,Low,,,,
23,MX-2013-163139,29-10-2013,Chile,South,Office Supplies,207,66.24, 37.86 ,High,,,,
33,US-2013-167129,24-05-2013,Honduras,Central,Technology,941.77824,-601.74176, 80.28 ,Medium,,,,
38,MX-2014-154739,04-07-2014,Cuba,Caribbean,Furniture,529.32,264.66, 94.28 ,High,,,,
39,MX-2014-154739,04-07-2014,Cuba,Caribbean,Furniture,333.6,106.72, 45.85 ,High,,,,
42,MX-2013-121839,17-06-2013,Mexico,North,Technology,346.08,155.68, 33.64 ,High,,,,
44,MX-2014-142643,29-10-2014,Mexico,North,Office Supplies,722.36,50.56, 44.08 ,Medium,,,,
46,MX-2014-164959,16-01-2014,Brazil,South,Furniture,168.96,40.5, 55.02 ,Critical,,,,
54,US-2011-150987,02-04-2011,Honduras,Central,Office Supplies,683.496,-79.764, 50.13 ,Medium,,,,
58,MX-2011-137897,17-05-2011,Mexico,North,Technology,2124.5,488.6, 447.66 ,High,,,,
62,MX-2014-116337,16-05-2014,Brazil,South,Furniture,875.22,139.98, 220.77 ,High,,,,
63,US-2012-164609,26-08-2012,Honduras,Central,Furniture,437.688,-248.052, 83.77 ,Critical,,,,
69,MX-2013-164021,23-07-2013,Colombia,South,Furniture,874.68,411.06, 164.45 ,Low,,,,
71,US-2014-120194,12-09-2014,Brazil,South,Furniture,928.256,-81.224, 75.01 ,Medium,,,,
90,MX-2012-158981,28-12-2012,Mexico,North,Furniture,582,218.22, 59.68 ,High,,,,
96,MX-2011-112319,19-04-2011,Brazil,South,Furniture,575.96,120.82, 55.57 ,Low,,,,
111,MX-2014-162152,15-08-2014,Mexico,North,Technology,465,27.9, 55.56 ,Low,,,,
117,MX-2014-167801,28-11-2014,Brazil,South,Technology,461.9,101.6, 78.48 ,Medium,,,,
118,MX-2013-117471,14-08-2013,Colombia,South,Office Supplies,1052.16,0, 166.26 ,High,,,,
132,US-2013-130239,14-11-2013,Mexico,North,Furniture,966.4,-96.7, 72.52 ,Medium,,,,
162,MX-2012-133375,11-07-2012,Cuba,Caribbean,Office Supplies,255.22,99.4, 75.07 ,Critical,,,,
163,MX-2012-133375,11-07-2012,Cuba,Caribbean,Office Supplies,210.48,75.72, 79.43 ,Critical,,,,
165,MX-2012-133305,23-11-2012,Mexico,North,Furniture,836.928,230.128, 239.22 ,High,,,,
170,MX-2013-131436,06-12-2013,Mexico,North,Furniture,731.424,118.824, 54.04 ,Medium,,,,
171,MX-2011-104626,21-07-2011,Nicaragua,Central,Furniture,650.88,32.48, 49.41 ,Medium,,,,
173,MX-2013-141446,22-03-2013,Mexico,North,Technology,342.5136,61.0736, 44.54 ,Low,,,,
180,MX-2013-120453,24-06-2013,Cuba,Caribbean,Office Supplies,1111.56,200.04, 115.53 ,Medium,,,,
182,MX-2013-120453,24-06-2013,Cuba,Caribbean,Furniture,394.2,90.66, 37.30 ,Medium,,,,
189,MX-2013-148453,20-12-2013,Colombia,South,Furniture,1480.368,333.048, 283.93 ,Medium,,,,
190,MX-2013-148453,20-12-2013,Colombia,South,Furniture,982.912,-12.288, 77.86 ,Medium,,,,
191,MX-2013-148453,20-12-2013,Colombia,South,Technology,346.74,100.5, 70.85 ,Medium,,,,
213,US-2014-146080,01-04-2014,Argentina,South,Office Supplies,198.528,-23.232, 42.67 ,Critical,,,,
217,US-2011-128776,28-12-2011,Dominican Republic,Caribbean,Furniture,276.912,-10.548, 44.90 ,Critical,,,,
218,US-2011-128776,28-12-2011,Dominican Republic,Caribbean,Technology,110.72,-23.58, 35.13 ,Critical,,,,
219,US-2011-128776,28-12-2011,Dominican Republic,Caribbean,Technology,538.24,-107.68, 103.12 ,Critical,,,,
220,US-2011-128776,28-12-2011,Dominican Republic,Caribbean,Technology,1696.64,-148.46, 704.06 ,Critical,,,,
222,MX-2012-147382,04-12-2012,Mexico,North,Office Supplies,818.08,8.16, 77.98 ,Medium,,,,
224,MX-2012-147382,04-12-2012,Mexico,North,Office Supplies,723.12,86.76, 104.50 ,Medium,,,,
227,MX-2011-131709,08-12-2011,Mexico,North,Furniture,688.32,0, 44.50 ,Medium,,,,
229,MX-2014-111927,07-10-2014,Nicaragua,Central,Furniture,398.52,191.28, 35.21 ,High,,,,
232,MX-2014-107930,21-07-2014,Mexico,North,Furniture,1219.04,198.04, 185.44 ,Critical,,,,
233,MX-2014-107930,21-07-2014,Mexico,North,Technology,176.38652,26.14652, 39.43 ,Critical,,,,
234,MX-2014-107930,21-07-2014,Mexico,North,Furniture,229.056,8.556, 88.45 ,Critical,,,,
238,MX-2012-125234,14-09-2012,Mexico,North,Office Supplies,2278.32,751.8, 138.71 ,Medium,,,,
239,MX-2013-133417,03-04-2013,Mexico,North,Furniture,1098.96,233.46, 66.63 ,High,,,,
247,MX-2011-146332,16-08-2011,Cuba,Caribbean,Technology,226.12,97.2, 38.43 ,High,,,,
276,US-2011-152240,21-04-2011,Haiti,Caribbean,Furniture,551.556,-101.124, 52.26 ,Low,,,,
280,MX-2012-119249,04-07-2012,Brazil,South,Technology,3408,238.56, 41.89 ,Medium,,,,
287,MX-2013-153654,21-01-2013,Mexico,North,Technology,333.96,13.32, 37.05 ,Medium,,,,
288,MX-2013-153654,21-01-2013,Mexico,North,Furniture,1022.528,332.288, 105.03 ,Medium,,,,
293,MX-2013-143000,18-02-2013,Brazil,South,Furniture,1970.496,49.216, 116.24 ,Medium,,,,
295,MX-2012-133424,04-04-2012,Mexico,North,Technology,701.47424,300.75424, 177.04 ,High,,,,
300,US-2013-137519,10-12-2013,Honduras,Central,Technology,413.52,-89.68, 69.99 ,High,,,,
317,MX-2014-164112,28-10-2014,Nicaragua,Central,Technology,1600.96,368.16, 58.46 ,High,,,,
338,US-2013-104283,25-07-2013,Argentina,South,Technology,238.4824,-24.8176, 59.65 ,High,,,,
345,MX-2012-113502,16-03-2012,Brazil,South,Furniture,1454.832,-54.588, 84.24 ,Medium,,,,
347,MX-2014-122574,29-12-2014,Mexico,North,Office Supplies,328.8,147.8, 58.45 ,Medium,,,,
348,US-2011-113166,14-09-2011,Honduras,Central,Technology,723.324,-277.396, 40.39 ,Medium,,,,
352,US-2014-128587,12-06-2014,Venezuela,South,Technology,209.01296,-7.70704, 58.67 ,Critical,,,,
357,US-2013-151379,28-06-2013,Peru,South,Furniture,189.522,-435.918, 59.97 ,Critical,,,,
363,MX-2012-131870,24-10-2012,Nicaragua,Central,Technology,820.7,352.9, 83.52 ,Medium,,,,
365,MX-2013-121531,15-08-2013,Brazil,South,Furniture,394.92,51.3, 52.31 ,High,,,,
370,US-2013-128013,09-11-2013,Honduras,Central,Technology,713.15088,-264.84912, 94.47 ,High,,,,
372,MX-2014-131366,20-08-2014,Mexico,North,Furniture,1168.4,306.7, 47.81 ,Medium,,,,
374,MX-2014-131366,20-08-2014,Mexico,North,Furniture,273.472,95.712, 39.12 ,Medium,,,,
379,MX-2011-137652,09-09-2011,Brazil,South,Furniture,1369.2,670.9, 89.12 ,Medium,,,,
395,MX-2012-148054,21-09-2012,Dominican Republic,Caribbean,Furniture,659.424,-219.856, 111.23 ,High,,,,
401,US-2013-117555,05-07-2013,Dominican Republic,Caribbean,Office Supplies,554.16,-124.74, 85.44 ,Medium,,,,
408,MX-2013-157672,11-12-2013,Bolivia,South,Technology,1035.3,352, 188.01 ,High,,,,
421,MX-2014-106901,17-10-2014,Martinique,Caribbean,Office Supplies,243.6,102.2, 47.54 ,High,,,,
423,MX-2014-106901,17-10-2014,Martinique,Caribbean,Furniture,516,175.44, 37.16 ,High,,,,
424,MX-2014-106901,17-10-2014,Martinique,Caribbean,Furniture,1773.72,212.76, 205.11 ,High,,,,
434,MX-2013-148005,06-05-2013,El Salvador,Central,Office Supplies,987.56,29.54, 93.75 ,Medium,,,,
439,MX-2013-136826,19-09-2013,Mexico,North,Technology,870.24,295.88, 111.75 ,Medium,,,,
441,MX-2012-165974,13-09-2012,Brazil,South,Technology,1011.972,58.772, 61.01 ,Medium,,,,
452,MX-2014-136973,17-09-2014,Mexico,North,Furniture,463.104,92.544, 50.13 ,High,,,,
453,MX-2014-136973,17-09-2014,Mexico,North,Technology,447.74272,178.54272, 54.01 ,High,,,,
456,MX-2014-159863,02-12-2014,Cuba,Caribbean,Technology,575.92584,235.36584, 70.85 ,High,,,,
459,MX-2014-154480,29-08-2014,Colombia,South,Furniture,2320.64,-203.06, 130.77 ,Medium,,,,
466,MX-2012-123358,08-05-2012,Guatemala,Central,Furniture,485,242.48, 54.73 ,Medium,,,,
480,MX-2013-123463,20-07-2013,Colombia,South,Furniture,1869.72,205.56, 318.17 ,Low,,,,
485,MX-2013-159520,16-05-2013,Dominican Republic,Caribbean,Furniture,501.248,37.568, 64.68 ,Medium,,,,
488,MX-2012-129224,14-11-2012,Brazil,South,Office Supplies,358.96,104.08, 35.78 ,Medium,,,,
499,MX-2012-167122,23-04-2012,Cuba,Caribbean,Technology,1219.61588,266.35588, 103.26 ,High,,,,
500,MX-2011-125045,22-11-2011,Dominican Republic,Caribbean,Office Supplies,1124.256,252.896, 286.46 ,Critical,,,,
503,US-2014-135160,27-09-2014,Panama,Central,Furniture,826.56,-303.14, 85.31 ,High,,,,
509,MX-2012-122329,24-09-2012,Nicaragua,Central,Technology,2014.3632,419.8032, 243.06 ,Medium,,,,
512,MX-2012-118080,28-12-2012,Brazil,South,Office Supplies,687.36,261.12, 51.53 ,Medium,,,,
513,MX-2014-157798,30-10-2014,Cuba,Caribbean,Technology,758.85924,21.27924, 106.69 ,Medium,,,,
520,MX-2011-128699,19-09-2011,Nicaragua,Central,Furniture,332.28,3.3, 49.69 ,Low,,,,
523,US-2011-155894,13-10-2011,Mexico,North,Technology,635.08728,202.30728, 96.50 ,Low,,,,
529,MX-2014-100090,11-06-2014,Cuba,Caribbean,Office Supplies,447.2,147.5, 77.15 ,Low,,,,
531,MX-2014-118766,09-05-2014,El Salvador,Central,Furniture,679.68,190.26, 56.24 ,High,,,,
532,MX-2013-149916,19-12-2013,Guatemala,Central,Technology,481.52,100.88, 88.20 ,High,,,,
540,MX-2012-154179,11-12-2012,Brazil,South,Office Supplies,1324.88,423.92, 87.29 ,Medium,,,,
541,MX-2012-154179,11-12-2012,Brazil,South,Technology,1761.8692,526.0892, 120.86 ,Medium,,,,
552,MX-2012-139514,20-08-2012,Mexico,North,Technology,2276.0388,542.6388, 146.56 ,Medium,,,,
557,US-2014-139941,04-12-2014,Mexico,North,Technology,345.28,117.36, 89.69 ,Critical,,,,
558,US-2014-139941,04-12-2014,Mexico,North,Furniture,183.136,48.056, 47.84 ,Critical,,,,
577,MX-2013-108952,11-06-2013,Mexico,North,Furniture,1015.68,101.52, 48.08 ,Medium,,,,
579,MX-2011-158204,28-09-2011,El Salvador,Central,Technology,477.12384,147.24384, 80.32 ,High,,,,
580,MX-2011-158204,28-09-2011,El Salvador,Central,Furniture,506.38,45.5, 53.56 ,High,,,,
581,MX-2011-158204,28-09-2011,El Salvador,Central,Furniture,2325.28,511.52, 347.82 ,High,,,,
582,MX-2011-158204,28-09-2011,El Salvador,Central,Office Supplies,193.8,73.56, 34.00 ,High,,,,
588,US-2014-136497,25-03-2014,Panama,Central,Office Supplies,332.496,-210.624, 61.01 ,High,,,,
589,US-2014-136497,25-03-2014,Panama,Central,Technology,488.6258,-165.0742, 75.54 ,High,,,,
603,MX-2014-103002,16-05-2014,Brazil,South,Office Supplies,183.72,75.32, 37.03 ,Medium,,,,
613,MX-2014-124016,10-12-2014,Mexico,North,Furniture,3445.344,-775.376, 118.72 ,Medium,,,,
617,MX-2013-115805,18-06-2013,Mexico,North,Office Supplies,704.92,190.32, 60.83 ,Medium,,,,
620,MX-2013-156062,23-04-2013,Guatemala,Central,Technology,752.51196,134.21196, 139.49 ,High,,,,
622,MX-2013-156062,23-04-2013,Guatemala,Central,Technology,882.0324,148.3524, 227.63 ,High,,,,
625,MX-2011-147718,20-05-2011,El Salvador,Central,Office Supplies,660.8,6.58, 78.06 ,Low,,,,
636,MX-2012-148404,25-01-2012,Chile,South,Office Supplies,795.6,190.92, 177.15 ,High,,,,
637,MX-2012-148404,25-01-2012,Chile,South,Furniture,142.56,1.4, 43.40 ,High,,,,
640,MX-2014-112704,12-09-2014,Dominican Republic,Caribbean,Technology,204.83064,40.55064, 40.05 ,High,,,,
641,MX-2012-145352,29-06-2012,Mexico,North,Furniture,461.104,132.524, 142.41 ,Critical,,,,
643,MX-2014-120579,29-08-2014,Brazil,South,Office Supplies,3044.8,91.2, 235.08 ,Medium,,,,
644,MX-2014-120579,29-08-2014,Brazil,South,Technology,783.54976,312.44976, 65.41 ,Medium,,,,
646,MX-2014-124674,28-10-2014,Mexico,North,Office Supplies,221.62,97.44, 34.46 ,High,,,,
650,MX-2014-141740,18-01-2014,Colombia,South,Furniture,840.56,243.74, 149.94 ,Medium,,,,
667,MX-2014-130995,26-06-2014,Mexico,North,Technology,484.03,47.53, 47.27 ,Medium,,,,
676,US-2012-142230,26-03-2012,Honduras,Central,Furniture,311.136,-165.984, 65.80 ,Medium,,,,
684,MX-2013-161067,16-12-2013,El Salvador,Central,Office Supplies,963.2,423.78, 70.14 ,Medium,,,,
686,MX-2012-118171,09-09-2012,El Salvador,Central,Technology,513.12,112.86, 69.28 ,High,,,,
688,MX-2014-108042,05-11-2014,Nicaragua,Central,Technology,1053.6884,441.2884, 66.07 ,Medium,,,,
694,MX-2013-151568,18-10-2013,El Salvador,Central,Technology,2120.8,275.7, 207.89 ,High,,,,
698,MX-2013-117016,27-11-2013,Mexico,North,Office Supplies,151.76,75.84, 57.00 ,Critical,,,,
707,MX-2013-118885,16-07-2013,Mexico,North,Office Supplies,115.5,50.8, 34.45 ,High,,,,
727,MX-2012-131121,09-07-2012,Mexico,North,Technology,1420.83264,566.55264, 95.60 ,Medium,,,,
728,MX-2014-129763,15-02-2014,Brazil,South,Furniture,330.22,108.9, 34.60 ,Medium,,,,
749,MX-2011-115826,22-08-2011,Mexico,North,Technology,1395.24392,150.92392, 93.32 ,Medium,,,,
750,MX-2012-100293,17-11-2012,El Salvador,Central,Furniture,150.24,20.96, 49.33 ,Critical,,,,
751,MX-2012-100293,17-11-2012,El Salvador,Central,Technology,551.36,148.8, 79.19 ,Critical,,,,
761,MX-2014-105858,27-11-2014,Mexico,North,Technology,230.22,62.1, 46.06 ,Critical,,,,
764,MX-2014-133830,15-04-2014,Colombia,South,Office Supplies,1792.4,304.7, 303.63 ,Critical,,,,
765,MX-2014-133830,15-04-2014,Colombia,South,Office Supplies,187.68,56.28, 79.38 ,Critical,,,,
767,MX-2011-153710,29-12-2011,Nicaragua,Central,Furniture,2429.44,534.4, 214.42 ,Medium,,,,
770,MX-2014-151442,31-07-2014,Guatemala,Central,Furniture,876.3,359.28, 58.34 ,Medium,,,,
772,MX-2013-114202,15-06-2013,Brazil,South,Technology,1057.9798,103.8798, 116.89 ,High,,,,
775,MX-2014-168480,23-06-2014,El Salvador,Central,Furniture,806.68,338.8, 84.27 ,Medium,,,,
776,MX-2014-143322,26-08-2014,Mexico,North,Office Supplies,234.9,49.3, 60.34 ,Critical,,,,
777,MX-2013-101805,09-10-2013,Nicaragua,Central,Furniture,773.12,216.32, 96.18 ,High,,,,
784,US-2014-107524,07-10-2014,Dominican Republic,Caribbean,Technology,509.3634,-58.7366, 36.20 ,Medium,,,,
785,US-2014-107524,07-10-2014,Dominican Republic,Caribbean,Furniture,692.328,-1315.552, 57.33 ,Medium,,,,
788,MX-2014-126599,23-11-2014,Guatemala,Central,Furniture,484.52,58.12, 59.01 ,Medium,,,,
792,MX-2013-114258,11-06-2013,Bolivia,South,Furniture,487.88,97.56, 99.20 ,Medium,,,,
793,MX-2013-114258,11-06-2013,Bolivia,South,Technology,409.7,106.5, 67.22 ,Medium,,,,
801,MX-2013-100923,15-10-2013,El Salvador,Central,Office Supplies,554.16,11.04, 36.95 ,Medium,,,,
812,MX-2013-162908,04-12-2013,El Salvador,Central,Furniture,876.3,359.28, 51.44 ,Medium,,,,
817,US-2012-116925,28-12-2012,Venezuela,South,Technology,764.82,-216.72, 81.61 ,Medium,,,,
819,US-2012-116925,28-12-2012,Venezuela,South,Office Supplies,487.728,-284.592, 36.02 ,Medium,,,,
821,MX-2012-110247,23-07-2012,Mexico,North,Office Supplies,322,83.7, 78.83 ,High,,,,
827,US-2013-139283,03-10-2013,Haiti,Caribbean,Office Supplies,630.336,-63.104, 109.11 ,High,,,,
832,MX-2014-164105,25-11-2014,Honduras,Central,Furniture,727.5,121.2, 118.60 ,High,,,,
840,MX-2014-136560,23-04-2014,El Salvador,Central,Technology,222.64,8.88, 33.86 ,Medium,,,,
845,MX-2012-115693,22-08-2012,Chile,South,Technology,345.9,107.2, 40.33 ,Medium,,,,
848,MX-2012-115693,22-08-2012,Chile,South,Technology,849.92,135.96, 83.04 ,Medium,,,,
852,MX-2012-131254,04-12-2012,Cuba,Caribbean,Technology,556.1,22.2, 35.56 ,Medium,,,,
875,MX-2013-158162,19-07-2013,Brazil,South,Furniture,489.2,92.9, 58.61 ,High,,,,
876,MX-2014-151554,21-11-2014,Cuba,Caribbean,Office Supplies,1078.08,452.76, 117.24 ,High,,,,
879,MX-2014-151554,21-11-2014,Cuba,Caribbean,Technology,1053.6884,441.2884, 367.55 ,High,,,,
882,MX-2013-142783,21-05-2013,Cuba,Caribbean,Furniture,494.04,212.4, 72.54 ,High,,,,
903,MX-2013-127124,29-05-2013,Chile,South,Furniture,454.48,13.6, 78.13 ,High,,,,
910,MX-2011-106775,27-10-2011,Cuba,Caribbean,Technology,1274.7,293.16, 163.70 ,High,,,,
911,MX-2011-106775,27-10-2011,Cuba,Caribbean,Furniture,2190.72,1073.44, 88.73 ,High,,,,
915,MX-2014-107699,07-02-2014,Mexico,North,Technology,616.4,43.1, 61.22 ,Medium,,,,
924,MX-2014-166135,17-09-2014,Mexico,North,Office Supplies,408.3,44.88, 91.14 ,High,,,,
925,MX-2012-126977,29-05-2012,Brazil,South,Office Supplies,423.24,12.66, 78.15 ,Critical,,,,
926,MX-2012-126977,29-05-2012,Brazil,South,Furniture,473.84,28.4, 143.28 ,Critical,,,,
928,MX-2011-103849,23-12-2011,Guatemala,Central,Technology,807.24,80.64, 39.99 ,Medium,,,,
952,MX-2013-136721,05-03-2013,Mexico,North,Technology,585.98568,180.74568, 36.08 ,Medium,,,,
975,MX-2014-111122,15-01-2014,Mexico,North,Office Supplies,284.16,113.64, 103.40 ,Critical,,,,
976,MX-2014-111122,15-01-2014,Mexico,North,Technology,334.9288,42.9288, 138.40 ,Critical,,,,
984,MX-2014-164294,17-11-2014,Nicaragua,Central,Furniture,584.2,239.52, 47.12 ,Medium,,,,
989,MX-2012-135076,13-09-2012,Mexico,North,Technology,1952.16,897.84, 145.28 ,Medium,,,,
990,MX-2012-135076,13-09-2012,Mexico,North,Technology,2550,357, 365.20 ,Medium,,,,
995,US-2012-163265,15-05-2012,Dominican Republic,Caribbean,Furniture,291.792,-165.368, 63.35 ,Low,,,,
997,MX-2013-148012,22-07-2013,Guatemala,Central,Technology,1285.56,527.04, 129.63 ,Low,,,,
1010,MX-2014-164994,10-10-2014,Cuba,Caribbean,Technology,636.5244,132.6244, 75.90 ,Medium,,,,
1016,MX-2013-157735,22-08-2013,Cuba,Caribbean,Furniture,244.56,26.88, 49.68 ,Critical,,,,
1017,MX-2013-157735,22-08-2013,Cuba,Caribbean,Furniture,522.48,172.4, 173.65 ,Critical,,,,
1018,MX-2013-157735,22-08-2013,Cuba,Caribbean,Furniture,117.62,24.7, 51.36 ,Critical,,,,
1032,US-2013-119956,15-04-2013,Mexico,North,Furniture,509.696,-50.984, 37.90 ,Medium,,,,
1037,MX-2013-147543,07-03-2013,Brazil,South,Technology,456.66,77.58, 50.93 ,High,,,,
1038,US-2011-111157,30-06-2011,Peru,South,Office Supplies,249.372,-157.968, 66.16 ,High,,,,
1054,MX-2014-149902,13-12-2014,Brazil,South,Technology,174.17096,11.85096, 55.57 ,Critical,,,,
1062,MX-2014-167108,06-08-2014,Chile,South,Technology,577.9,167.5, 57.18 ,High,,,,
1068,MX-2014-143833,08-07-2014,Cuba,Caribbean,Furniture,409.8,73.7, 72.28 ,High,,,,
1076,MX-2013-158085,10-01-2013,Dominican Republic,Caribbean,Technology,850.9872,317.7872, 49.80 ,High,,,,
1082,MX-2012-104031,03-10-2012,Mexico,North,Office Supplies,403.68,36.24, 44.15 ,Medium,,,,
1085,MX-2012-119487,13-11-2012,Brazil,South,Technology,1002.95008,168.79008, 96.00 ,High,,,,
1088,MX-2012-136987,24-05-2012,Brazil,South,Technology,856.92,222.76, 234.28 ,Critical,,,,
1090,MX-2014-150868,15-10-2014,Brazil,South,Office Supplies,303.3,60.66, 42.79 ,Medium,,,,
1091,MX-2014-150868,15-10-2014,Brazil,South,Furniture,236.76,47.28, 42.70 ,Medium,,,,
1097,MX-2013-166863,10-12-2013,Chile,South,Technology,672.12,188.16, 52.31 ,High,,,,
1099,MX-2014-122140,31-10-2014,El Salvador,Central,Furniture,959.104,11.984, 86.90 ,Medium,,,,
1114,MX-2012-111024,17-12-2012,Bolivia,South,Furniture,1392.384,-121.836, 43.83 ,Medium,,,,
1116,MX-2013-115742,04-05-2013,Mexico,North,Office Supplies,357.68,14.24, 44.06 ,High,,,,
1117,MX-2013-115742,04-05-2013,Mexico,North,Furniture,1731.072,-238.028, 259.25 ,High,,,,
1122,US-2014-101651,21-08-2014,Argentina,South,Furniture,1311.552,-306.108, 76.65 ,Medium,,,,
1125,US-2014-101651,21-08-2014,Argentina,South,Office Supplies,634.848,-74.112, 80.60 ,Medium,,,,
1142,MX-2013-103520,16-08-2013,Mexico,North,Technology,1184.0272,472.1272, 172.13 ,High,,,,
1148,MX-2014-108014,22-05-2014,Bolivia,South,Technology,386.3,169.9, 44.07 ,High,,,,
1154,MX-2014-114195,29-11-2014,Dominican Republic,Caribbean,Furniture,738.288,-166.152, 123.92 ,Low,,,,
1165,MX-2012-145597,31-12-2012,Brazil,South,Furniture,385.92,138.88, 48.95 ,Medium,,,,
1199,MX-2014-149622,13-11-2014,Mexico,North,Office Supplies,1187.64,23.58, 107.46 ,High,,,,
1204,MX-2013-158715,08-09-2013,Cuba,Caribbean,Furniture,984.18,9.84, 38.29 ,Medium,,,,
1208,MX-2012-159905,27-11-2012,Mexico,North,Technology,143.4,61.6, 56.61 ,Critical,,,,
1215,MX-2013-102547,21-11-2013,Chile,South,Technology,343.8,106.56, 35.30 ,High,,,,
1216,MX-2013-102547,21-11-2013,Chile,South,Furniture,246.84,51.78, 37.59 ,High,,,,
1235,MX-2011-102988,13-09-2011,Mexico,North,Furniture,1474.128,460.608, 80.53 ,Medium,,,,
1253,MX-2014-167682,30-12-2014,Brazil,South,Furniture,1830.78,768.88, 155.85 ,High,,,,
1256,MX-2014-147487,09-06-2014,El Salvador,Central,Furniture,332.28,96.36, 37.09 ,Medium,,,,
1259,MX-2011-109715,21-10-2011,Mexico,North,Technology,1053.1894,145.5894, 125.62 ,High,,,,
1260,MX-2011-105893,16-11-2011,Nicaragua,Central,Office Supplies,616.14,197.16, 95.84 ,Medium,,,,
1278,MX-2014-127264,09-06-2014,Brazil,South,Technology,1523.46696,241.14696, 174.80 ,Medium,,,,
1280,MX-2011-131359,04-10-2011,El Salvador,Central,Technology,285.20844,65.12844, 64.92 ,High,,,,
1284,MX-2013-141691,03-05-2013,Mexico,North,Technology,354.48,166.6, 50.24 ,High,,,,
1286,MX-2011-132605,02-11-2011,Mexico,North,Technology,336.24,73.92, 137.67 ,Critical,,,,
1294,MX-2014-146990,18-11-2014,Mexico,North,Office Supplies,161.7,59.8, 46.82 ,Critical,,,,
1295,MX-2014-146990,18-11-2014,Mexico,North,Furniture,262.528,-29.552, 89.36 ,Critical,,,,
1300,MX-2014-121076,08-05-2014,Brazil,South,Furniture,435.4,30.4, 35.10 ,Medium,,,,
1303,MX-2013-117499,18-03-2013,Brazil,South,Technology,318.08256,98.16256, 89.76 ,Critical,,,,
1306,US-2011-115315,08-11-2011,Argentina,South,Furniture,394.704,-26.376, 115.72 ,Critical,,,,
1309,US-2014-159814,30-09-2014,Dominican Republic,Caribbean,Furniture,494.532,-24.768, 50.51 ,High,,,,
1310,US-2011-149874,10-06-2011,Dominican Republic,Caribbean,Furniture,325.98,-260.82, 43.34 ,Medium,,,,
1320,MX-2013-109218,10-10-2013,El Salvador,Central,Furniture,584.2,239.52, 201.97 ,Critical,,,,
1322,MX-2013-126662,10-12-2013,Brazil,South,Furniture,293.28,131.92, 69.10 ,Critical,,,,
1328,MX-2012-165764,06-09-2012,Mexico,North,Furniture,1252.48,-187.92, 79.25 ,Medium,,,,
1329,MX-2012-165764,06-09-2012,Mexico,North,Technology,669.21888,105.85888, 43.55 ,Medium,,,,
1337,MX-2011-121041,21-12-2011,Colombia,South,Furniture,392.4,3.9, 36.77 ,Medium,,,,
1344,MX-2014-118052,13-09-2014,El Salvador,Central,Furniture,1074.8,290, 90.99 ,Medium,,,,
1350,US-2013-139724,02-08-2013,Argentina,South,Furniture,235.116,-27.444, 34.05 ,High,,,,
1360,MX-2011-152037,13-09-2011,Brazil,South,Office Supplies,748.72,149.72, 34.91 ,Medium,,,,
1362,MX-2012-162922,29-06-2012,El Salvador,Central,Office Supplies,243,38.88, 37.37 ,Low,,,,
1379,MX-2011-147347,27-10-2011,Mexico,North,Furniture,1238.688,61.848, 78.76 ,High,,,,
1383,MX-2012-150910,20-04-2012,Brazil,South,Technology,1264.466,301.466, 140.52 ,High,,,,
1396,MX-2013-136980,26-10-2013,Cuba,Caribbean,Technology,503.5908,104.9508, 54.53 ,Low,,,,
1397,MX-2014-105907,27-12-2014,Guatemala,Central,Furniture,829.22,49.7, 164.39 ,High,,,,
1398,MX-2012-105648,15-02-2012,Chile,South,Technology,338.1,84.42, 97.48 ,Critical,,,,
1408,MX-2013-152996,19-01-2013,Brazil,South,Furniture,2751.2,110, 203.13 ,Medium,,,,
1429,MX-2014-118472,14-06-2014,Mexico,North,Furniture,569.184,14.224, 74.78 ,High,,,,
1435,MX-2014-104780,25-10-2014,Brazil,South,Furniture,2460.96,49.12, 63.24 ,Medium,,,,
1436,MX-2012-151680,21-05-2012,Brazil,South,Technology,1180.2348,139.4748, 52.78 ,Medium,,,,
1437,MX-2012-151680,21-05-2012,Brazil,South,Furniture,930,455.7, 73.31 ,Medium,,,,
1459,MX-2013-169495,09-12-2013,Mexico,North,Office Supplies,200.9,34.02, 34.67 ,High,,,,
1466,US-2013-138758,23-03-2013,Panama,Central,Technology,454.779,-260.121, 99.09 ,High,,,,
1472,MX-2012-133480,20-12-2012,Mexico,North,Technology,779.27832,216.95832, 56.50 ,Medium,,,,
1479,MX-2012-110394,06-06-2012,Mexico,North,Technology,821.4,8.2, 35.42 ,Medium,,,,
1492,MX-2011-127250,02-06-2011,El Salvador,Central,Furniture,1502.784,413.184, 61.09 ,Medium,,,,
1494,MX-2011-127250,02-06-2011,El Salvador,Central,Technology,449.64,184.32, 42.57 ,Medium,,,,
1499,MX-2013-137183,24-07-2013,El Salvador,Central,Furniture,250.2,80.04, 97.89 ,Critical,,,,
1500,MX-2014-124002,08-01-2014,Brazil,South,Technology,3393.12,101.76, 258.84 ,Medium,,,,
1504,MX-2011-143140,14-09-2011,Mexico,North,Furniture,507.84,50.76, 40.17 ,Medium,,,,
1516,MX-2012-147886,11-04-2012,Nicaragua,Central,Office Supplies,406.44,20.28, 46.13 ,Medium,,,,
1521,US-2014-140452,10-11-2014,Panama,Central,Technology,718.0186,-314.6814, 59.42 ,Medium,,,,
1526,MX-2013-132689,06-01-2013,Mexico,North,Technology,98.96,13.84, 34.77 ,Critical,,,,
1528,MX-2012-158526,19-04-2012,Cuba,Caribbean,Technology,692.73176,220.65176, 93.27 ,Low,,,,
1548,MX-2014-115105,08-05-2014,Paraguay,South,Technology,820.08,98.28, 229.09 ,Critical,,,,
1568,MX-2014-140872,05-07-2014,Nicaragua,Central,Furniture,583.12,274.04, 71.45 ,High,,,,
1570,US-2014-133193,31-07-2014,Mexico,North,Technology,1713.84,445.52, 728.97 ,Critical,,,,
1592,MX-2011-108875,28-12-2011,Brazil,South,Technology,212.32,59.36, 38.45 ,Critical,,,,
1599,US-2013-150147,23-10-2013,Honduras,Central,Office Supplies,862.464,28.704, 56.12 ,Medium,,,,
1601,MX-2011-118780,07-06-2011,Brazil,South,Furniture,381.76,87.76, 110.33 ,Critical,,,,
1604,US-2013-142146,27-12-2013,Honduras,Central,Furniture,400.848,-113.652, 83.15 ,High,,,,
1605,US-2013-142146,27-12-2013,Honduras,Central,Furniture,270.72,-94.8, 41.87 ,High,,,,
1609,MX-2012-110128,06-07-2012,Martinique,Caribbean,Office Supplies,1123.08,224.58, 83.09 ,Medium,,,,
1612,MX-2013-117506,23-03-2013,Brazil,South,Furniture,649.32,110.32, 49.47 ,Medium,,,,
1620,MX-2013-168137,06-11-2013,Mexico,North,Office Supplies,137.58,27.48, 37.10 ,Critical,,,,
1624,MX-2011-165106,04-11-2011,El Salvador,Central,Office Supplies,1086.18,32.58, 55.81 ,Medium,,,,
1626,MX-2011-118983,16-08-2011,Brazil,South,Furniture,537.4,145, 128.49 ,High,,,,
1627,MX-2011-118983,16-08-2011,Brazil,South,Furniture,266.22,5.28, 57.57 ,High,,,,
1635,MX-2014-136539,18-03-2014,El Salvador,Central,Furniture,264.96,108.6, 35.20 ,High,,,,
1639,MX-2013-137631,29-05-2013,Nicaragua,Central,Technology,1260.1746,85.7746, 92.27 ,Medium,,,,
1640,MX-2014-153584,24-01-2014,Cuba,Caribbean,Furniture,927.84,352.56, 79.40 ,Medium,,,,
1649,MX-2011-160108,14-05-2011,El Salvador,Central,Office Supplies,952.7,104.72, 74.59 ,Medium,,,,
1654,MX-2014-146892,03-09-2014,Ecuador,South,Furniture,355.38,21.3, 37.64 ,Medium,,,,
1659,US-2012-110037,10-09-2012,Honduras,Central,Office Supplies,396.408,-125.552, 60.67 ,High,,,,
1670,MX-2013-147445,19-11-2013,El Salvador,Central,Office Supplies,718.72,301.84, 42.68 ,Medium,,,,
1678,MX-2013-123386,19-09-2013,Colombia,South,Furniture,395.12,55.28, 40.23 ,Medium,,,,
1690,MX-2011-128356,27-06-2011,El Salvador,Central,Technology,415.1,199.2, 42.85 ,Critical,,,,
1698,MX-2011-153969,18-10-2011,Nicaragua,Central,Office Supplies,682.08,224.96, 48.00 ,Medium,,,,
1702,US-2011-121664,15-09-2011,Brazil,South,Furniture,1274.24,-127.46, 204.31 ,High,,,,
1708,MX-2012-127446,11-04-2012,El Salvador,Central,Technology,782.0328,225.6328, 85.84 ,Critical,,,,
1710,MX-2012-136042,29-03-2012,Mexico,North,Furniture,744,186, 61.30 ,Medium,,,,
1720,MX-2012-110751,24-12-2012,Brazil,South,Furniture,505.2,-50.52, 33.26 ,Medium,,,,
1721,US-2014-119480,13-12-2014,Panama,Central,Office Supplies,410.88,-191.84, 122.04 ,Critical,,,,
1724,MX-2013-118990,22-10-2013,Mexico,North,Technology,672.19292,240.99292, 112.51 ,Medium,,,,
1728,MX-2013-145023,07-10-2013,Colombia,South,Furniture,705.72,148.2, 63.36 ,Medium,,,,
1734,MX-2011-144183,12-09-2011,Nicaragua,Central,Furniture,681.72,20.4, 54.05 ,Medium,,,,
1761,MX-2011-161039,14-11-2011,Dominican Republic,Caribbean,Technology,372.192,120.912, 43.91 ,Medium,,,,
1763,MX-2014-141789,29-10-2014,Mexico,North,Technology,866.0644,232.5644, 52.51 ,Medium,,,,
1775,MX-2013-138961,12-03-2013,Mexico,North,Technology,655.52,170.4, 133.07 ,High,,,,
1777,MX-2014-158386,18-09-2014,Ecuador,South,Technology,698.04112,131.48112, 157.46 ,Critical,,,,
1779,MX-2014-158386,18-09-2014,Ecuador,South,Technology,1213.18876,508.00876, 493.41 ,Critical,,,,
1783,MX-2014-116267,31-12-2014,Brazil,South,Technology,1264.466,301.466, 253.25 ,High,,,,
1787,MX-2014-116267,31-12-2014,Brazil,South,Furniture,333.9,0, 51.53 ,High,,,,
1790,MX-2014-148208,05-09-2014,Brazil,South,Technology,284.37012,22.17012, 58.53 ,Medium,,,,
1791,MX-2014-148208,05-09-2014,Brazil,South,Office Supplies,274.14,106.74, 48.23 ,Medium,,,,
1795,MX-2014-152968,01-12-2014,Mexico,North,Furniture,657.776,-65.884, 95.95 ,Critical,,,,
1801,MX-2012-166240,13-11-2012,El Salvador,Central,Furniture,309.12,27.82, 54.23 ,High,,,,
1804,MX-2011-163300,14-12-2011,Mexico,North,Furniture,825.792,41.232, 209.32 ,Critical,,,,
1815,MX-2011-116379,11-11-2011,Mexico,North,Technology,2582.16,516.36, 214.88 ,Medium,,,,
1821,MX-2012-116764,20-12-2012,Mexico,North,Office Supplies,343.68,130.56, 40.17 ,High,,,,
1823,MX-2014-167731,04-11-2014,Cuba,Caribbean,Furniture,586.4,275.6, 39.59 ,Medium,,,,
1824,MX-2012-143112,22-06-2012,Brazil,South,Technology,439.74,153.9, 78.76 ,High,,,,
1829,MX-2014-130470,16-05-2014,El Salvador,Central,Technology,890.15612,131.91612, 74.39 ,Medium,,,,
1842,MX-2012-129140,07-11-2012,Mexico,North,Office Supplies,689.96,165.56, 39.37 ,Medium,,,,
1846,US-2014-132717,19-05-2014,Venezuela,South,Technology,764.928,-306.012, 62.97 ,Medium,,,,
1857,MX-2013-161438,16-08-2013,Mexico,North,Furniture,657.216,238.236, 101.75 ,High,,,,
1859,MX-2014-136812,23-06-2014,Nicaragua,Central,Furniture,493.8,64.08, 58.52 ,Critical,,,,
1863,MX-2014-162180,21-10-2014,Brazil,South,Furniture,439.92,197.88, 148.14 ,Critical,,,,
1871,MX-2013-108063,23-04-2013,Brazil,South,Office Supplies,333.92,106.72, 51.40 ,High,,,,
1872,MX-2013-113824,26-04-2013,Colombia,South,Technology,306.16,58.16, 55.48 ,High,,,,
1873,MX-2013-113824,26-04-2013,Colombia,South,Furniture,2472.66,914.76, 523.47 ,High,,,,
1887,MX-2014-149678,10-06-2014,El Salvador,Central,Technology,519.93804,217.71804, 59.77 ,High,,,,
1889,US-2013-160486,18-12-2013,Honduras,Central,Furniture,135.48,-88.08, 42.34 ,Critical,,,,
1898,MX-2014-163517,12-06-2014,Brazil,South,Furniture,377.6,105.7, 80.74 ,High,,,,
1899,MX-2014-124744,17-12-2014,Nicaragua,Central,Office Supplies,1805.9,126.4, 381.14 ,Critical,,,,
1900,MX-2014-124744,17-12-2014,Nicaragua,Central,Furniture,275.52,49.58, 113.01 ,Critical,,,,
1902,MX-2014-124744,17-12-2014,Nicaragua,Central,Furniture,1212.5,606.2, 269.53 ,Critical,,,,
1903,MX-2014-124744,17-12-2014,Nicaragua,Central,Furniture,575.96,120.82, 111.15 ,Critical,,,,
1914,MX-2014-156111,14-06-2014,El Salvador,Central,Furniture,666.84,246.72, 67.76 ,Medium,,,,
1918,MX-2013-128440,28-11-2013,Mexico,North,Furniture,450.16,118.16, 60.76 ,Low,,,,
1919,MX-2013-128440,28-11-2013,Mexico,North,Technology,791.93296,236.41296, 172.69 ,Low,,,,
1920,MX-2012-105424,19-11-2012,Mexico,North,Furniture,726.144,117.984, 67.97 ,Medium,,,,
1924,US-2012-139801,11-11-2012,Venezuela,South,Office Supplies,645.948,-150.732, 93.93 ,Medium,,,,
1926,MX-2014-167724,22-09-2014,Cuba,Caribbean,Office Supplies,227.08,43.12, 51.69 ,High,,,,
1928,MX-2014-167724,22-09-2014,Cuba,Caribbean,Technology,333.78,83.4, 97.46 ,High,,,,
1933,MX-2011-105186,10-11-2011,Bolivia,South,Furniture,248.22,86.82, 33.76 ,High,,,,
1935,MX-2012-165491,04-02-2012,Mexico,North,Technology,598.68024,196.74024, 75.25 ,Medium,,,,
1940,MX-2011-116246,26-02-2011,El Salvador,Central,Office Supplies,268.26,10.68, 33.30 ,Medium,,,,
1947,MX-2014-147480,02-10-2014,Brazil,South,Technology,1703.76,681.44, 131.04 ,High,,,,
1949,MX-2014-147480,02-10-2014,Brazil,South,Technology,198.72,65.52, 71.50 ,High,,,,
1961,MX-2013-153479,20-03-2013,Mexico,North,Technology,1277.82,511.08, 81.67 ,Medium,,,,
1963,MX-2013-132395,05-06-2013,Nicaragua,Central,Office Supplies,2509.36,426.58, 169.40 ,Medium,,,,
1971,MX-2011-111255,04-01-2011,Brazil,South,Furniture,1648.44,609.84, 109.13 ,Medium,,,,
1977,MX-2014-132927,06-06-2014,Mexico,North,Technology,565.32,129.96, 63.17 ,Low,,,,
1981,MX-2013-108812,26-09-2013,Nicaragua,Central,Technology,504.06984,34.30984, 91.37 ,High,,,,
1987,US-2013-164119,15-11-2013,Honduras,Central,Furniture,1093.248,-328.032, 95.08 ,Medium,,,,
1990,US-2013-164119,15-11-2013,Honduras,Central,Technology,1022.256,-0.064, 110.37 ,Medium,,,,
2006,MX-2013-147690,13-11-2013,Brazil,South,Technology,2171.3,390.8, 294.97 ,High,,,,
2012,MX-2013-126956,12-10-2013,El Salvador,Central,Technology,324.27016,12.31016, 42.72 ,High,,,,
2013,MX-2012-116575,10-10-2012,Mexico,North,Technology,213.81152,31.69152, 34.21 ,Critical,,,,
2023,MX-2012-133032,06-07-2012,Barbados,Caribbean,Technology,423.67096,88.27096, 48.84 ,High,,,,
2024,MX-2012-133032,06-07-2012,Barbados,Caribbean,Technology,882.75096,387.29096, 152.53 ,High,,,,
2026,US-2013-125948,10-06-2013,Argentina,South,Furniture,1682.748,-813.492, 219.84 ,High,,,,
2027,MX-2011-123883,15-10-2011,Brazil,South,Furniture,1375.6,55, 168.81 ,High,,,,
2034,MX-2011-137316,30-06-2011,Dominican Republic,Caribbean,Office Supplies,1852.032,532.392, 184.17 ,Medium,,,,
2044,MX-2013-140186,15-08-2013,Mexico,North,Technology,758.979,44.079, 170.37 ,Medium,,,,
2045,MX-2013-140186,15-08-2013,Mexico,North,Furniture,1767.552,44.032, 156.80 ,Medium,,,,
2046,MX-2013-140186,15-08-2013,Mexico,North,Furniture,1167.168,-204.312, 180.50 ,Medium,,,,
2049,MX-2013-128734,06-09-2013,Guatemala,Central,Technology,867.5,173.5, 71.24 ,Medium,,,,
2080,MX-2011-138002,10-11-2011,Colombia,South,Office Supplies,3172.14,856.44, 399.85 ,Medium,,,,
2086,MX-2011-162670,20-10-2011,El Salvador,Central,Furniture,327.3,42.54, 43.14 ,Medium,,,,
2091,MX-2013-166618,12-12-2013,Chile,South,Furniture,686.76,281.52, 64.71 ,High,,,,
2093,MX-2013-166618,12-12-2013,Chile,South,Technology,477.8424,142.6824, 148.19 ,High,,,,
2097,MX-2011-149272,01-12-2011,Bolivia,South,Furniture,491,122.7, 35.15 ,Medium,,,,
2105,MX-2012-155187,15-09-2012,Brazil,South,Furniture,391.58,74.34, 34.04 ,High,,,,
2111,MX-2012-118185,13-12-2012,Brazil,South,Furniture,463.84,129.84, 77.61 ,Low,,,,
2121,MX-2013-141768,05-04-2013,Colombia,South,Technology,189.98,74.06, 79.38 ,Critical,,,,
2122,MX-2013-141768,05-04-2013,Colombia,South,Furniture,286.8,57.36, 101.31 ,Critical,,,,
2135,MX-2013-115476,18-09-2013,Guatemala,Central,Office Supplies,256.74,0, 43.22 ,High,,,,
2139,US-2013-167675,17-09-2013,Honduras,Central,Office Supplies,370.368,-86.472, 35.38 ,High,,,,
2175,MX-2014-168550,18-06-2014,Mexico,North,Technology,590.1174,69.7374, 106.68 ,Critical,,,,
2178,MX-2012-153780,26-05-2012,El Salvador,Central,Furniture,664.56,6.6, 37.90 ,Low,,,,
2184,US-2011-149209,27-06-2011,Argentina,South,Furniture,322.44,-69.96, 37.84 ,Medium,,,,
2212,MX-2012-151036,14-03-2012,Barbados,Caribbean,Technology,429.6,176, 72.19 ,Low,,,,
2223,US-2014-114398,11-04-2014,Dominican Republic,Caribbean,Furniture,879,-556.7, 62.77 ,Medium,,,,
2231,MX-2011-155271,07-10-2011,Cuba,Caribbean,Technology,333.78,83.4, 48.24 ,High,,,,
2236,US-2013-143098,08-11-2013,Panama,Central,Office Supplies,206.604,-120.636, 52.34 ,High,,,,
2241,MX-2012-101616,15-10-2012,Cuba,Caribbean,Technology,643.02,102.76, 68.40 ,High,,,,
2252,US-2013-149804,19-04-2013,Argentina,South,Furniture,915.9,-15.3, 73.36 ,Medium,,,,
2256,US-2013-149804,19-04-2013,Argentina,South,Furniture,384.72,6.3, 42.83 ,Medium,,,,
2259,MX-2012-146031,27-07-2012,Mexico,North,Technology,762.39216,288.75216, 36.49 ,Medium,,,,
2265,MX-2011-136546,14-09-2011,Mexico,North,Technology,597.96168,64.68168, 58.99 ,Medium,,,,
2272,MX-2014-147270,25-12-2014,Guatemala,Central,Technology,848.08,330.72, 85.07 ,Medium,,,,
2277,MX-2011-152562,23-09-2011,Brazil,South,Office Supplies,410.76,131.44, 63.31 ,High,,,,
2278,MX-2011-152562,23-09-2011,Brazil,South,Furniture,567.8,158.9, 66.39 ,High,,,,
2279,US-2011-163860,06-12-2011,Mexico,North,Furniture,345.6,-69.12, 36.31 ,Medium,,,,
2283,MX-2012-164791,06-12-2012,Brazil,South,Technology,2297.96,988.12, 483.26 ,High,,,,
2285,MX-2012-164378,16-11-2012,Mexico,North,Furniture,582.912,43.692, 67.93 ,High,,,,
2288,MX-2012-164378,16-11-2012,Mexico,North,Furniture,672.448,75.628, 87.72 ,High,,,,
2289,MX-2013-162677,12-08-2013,Mexico,North,Technology,1114.9656,332.9256, 88.20 ,High,,,,
2291,MX-2011-167066,04-04-2011,Colombia,South,Furniture,512.76,246.12, 154.31 ,Critical,,,,
2293,MX-2011-167066,04-04-2011,Colombia,South,Technology,585.98568,180.74568, 126.77 ,Critical,,,,
2299,MX-2013-155110,19-11-2013,El Salvador,Central,Office Supplies,846.48,25.32, 54.38 ,Low,,,,
2303,MX-2013-143686,25-06-2013,Chile,South,Office Supplies,829.52,398.16, 99.06 ,High,,,,
2321,MX-2014-125577,05-04-2014,Dominican Republic,Caribbean,Technology,357.552,133.992, 56.32 ,Low,,,,
2323,MX-2011-132479,30-03-2011,El Salvador,Central,Furniture,165.88,79.6, 51.88 ,Critical,,,,
2333,MX-2012-124611,03-09-2012,Trinidad and Tobago,Caribbean,Furniture,2076.48,996.6, 175.99 ,Medium,,,,
2337,MX-2013-138653,26-06-2013,Guatemala,Central,Furniture,852.48,213.12, 149.86 ,Medium,,,,
2342,MX-2014-157602,08-10-2014,Trinidad and Tobago,Caribbean,Office Supplies,265.44,31.84, 40.12 ,High,,,,
2343,MX-2014-157602,08-10-2014,Trinidad and Tobago,Caribbean,Technology,851.57344,356.61344, 120.90 ,High,,,,
2348,MX-2013-119214,16-11-2013,Mexico,North,Office Supplies,846.6,50.76, 156.51 ,High,,,,
2355,MX-2014-146843,22-04-2014,Bolivia,South,Technology,369.28,144, 34.65 ,High,,,,
2363,MX-2011-117107,15-10-2011,Mexico,North,Office Supplies,703.16,161.72, 62.40 ,Medium,,,,
2365,MX-2011-117107,15-10-2011,Mexico,North,Technology,1190.17488,212.17488, 127.49 ,Medium,,,,
2371,MX-2011-159961,27-12-2011,Mexico,North,Furniture,1587.168,218.208, 128.90 ,Medium,,,,
2375,MX-2014-167325,16-09-2014,Guatemala,Central,Technology,1258.7774,375.7774, 291.63 ,High,,,,
2377,MX-2012-111178,04-05-2012,Mexico,North,Office Supplies,720.64,72.04, 65.58 ,Medium,,,,
2378,MX-2012-111178,04-05-2012,Mexico,North,Office Supplies,3242.88,324.18, 279.53 ,Medium,,,,
2381,MX-2011-141530,12-01-2011,Mexico,North,Technology,384.96852,68.64852, 38.19 ,Medium,,,,
2382,MX-2011-141530,12-01-2011,Mexico,North,Technology,495.06,178.2, 54.55 ,Medium,,,,
2383,MX-2014-117352,04-02-2014,Guatemala,Central,Technology,2981.58,1192.52, 180.53 ,Medium,,,,
2389,MX-2012-146115,18-04-2012,El Salvador,Central,Furniture,1657.08,364.44, 107.34 ,Medium,,,,
2393,US-2013-122917,12-07-2013,Mexico,North,Technology,1430.77272,68.77272, 60.73 ,Medium,,,,
2397,MX-2014-113845,12-09-2014,Nicaragua,Central,Technology,848.32,110.28, 351.07 ,Critical,,,,
2398,MX-2014-113845,12-09-2014,Nicaragua,Central,Technology,2120.5,106, 377.70 ,Critical,,,,
2399,MX-2014-113845,12-09-2014,Nicaragua,Central,Furniture,664.56,6.6, 281.74 ,Critical,,,,
2401,MX-2014-103149,28-05-2014,Mexico,North,Office Supplies,1032.5,340.7, 75.23 ,Medium,,,,
2403,US-2013-118346,30-12-2013,Panama,Central,Furniture,1564.56,-0.04, 64.37 ,Medium,,,,
2405,MX-2014-166513,25-09-2014,Argentina,South,Technology,473.616,61.716, 62.37 ,High,,,,
2406,MX-2013-129301,16-10-2013,Dominican Republic,Caribbean,Furniture,764.8,0, 60.58 ,Medium,,,,
2407,MX-2013-129301,16-10-2013,Dominican Republic,Caribbean,Technology,809.04432,-174.39568, 47.05 ,Medium,,,,
2425,US-2014-160192,18-03-2014,Dominican Republic,Caribbean,Furniture,1212.56,-45.54, 199.99 ,High,,,,
2427,MX-2013-130645,28-09-2013,Mexico,North,Technology,531.58,244.44, 49.20 ,High,,,,
2438,MX-2014-152793,20-11-2014,Nicaragua,Central,Technology,1064.2672,531.0672, 69.81 ,Medium,,,,
2442,MX-2013-145821,01-07-2013,Mexico,North,Technology,669.21888,105.85888, 46.80 ,Medium,,,,
2443,US-2013-131296,08-08-2013,Argentina,South,Technology,604.07568,-335.44432, 55.59 ,Critical,,,,
2444,MX-2013-164980,03-12-2013,Mexico,North,Technology,1272.92,216.26, 74.99 ,Medium,,,,
2453,MX-2013-149153,03-07-2013,Honduras,Central,Furniture,146.736,-70.944, 50.21 ,Critical,,,,
2460,US-2012-107090,03-09-2012,Honduras,Central,Technology,204.96,-58.1, 61.00 ,High,,,,
2462,US-2012-142727,02-06-2012,Honduras,Central,Furniture,779.58,-376.82, 71.78 ,Medium,,,,
2477,MX-2014-166254,28-08-2014,Cuba,Caribbean,Technology,220.44,17.58, 36.64 ,High,,,,
2484,MX-2014-166254,28-08-2014,Cuba,Caribbean,Technology,870.24,295.88, 66.91 ,High,,,,
2487,MX-2012-131863,14-02-2012,Mexico,North,Technology,733.44,227.28, 56.50 ,Medium,,,,
2489,MX-2011-107482,14-09-2011,Mexico,North,Technology,991.8124,176.8124, 140.70 ,Critical,,,,
2493,MX-2014-169887,25-11-2014,Argentina,South,Furniture,268.848,-174.752, 34.72 ,High,,,,
2496,MX-2012-130351,20-12-2012,Mexico,North,Technology,3474.08,625.28, 365.65 ,High,,,,
2504,US-2014-151295,11-12-2014,Venezuela,South,Technology,347.64,-0.06, 40.52 ,Medium,,,,
2511,MX-2013-121370,09-12-2013,Nicaragua,Central,Furniture,701.54,287.56, 122.34 ,Low,,,,
2514,MX-2012-141404,19-10-2012,Mexico,North,Furniture,1776.544,577.304, 148.01 ,Medium,,,,
2535,MX-2011-150112,20-07-2011,Guatemala,Central,Technology,976.08,448.92, 174.68 ,Medium,,,,
2536,MX-2011-155999,28-05-2011,Mexico,North,Technology,1302.96,39.06, 97.06 ,High,,,,
2537,MX-2013-168228,07-05-2013,Chile,South,Furniture,1240.12,223.16, 98.19 ,Low,,,,
2542,MX-2013-108231,11-03-2013,Guadeloupe,Caribbean,Furniture,267.36,96.24, 75.19 ,High,,,,
2543,MX-2013-108231,11-03-2013,Guadeloupe,Caribbean,Furniture,332.96,106.48, 69.99 ,High,,,,
2550,MX-2013-132206,10-12-2013,Mexico,North,Furniture,804.768,150.888, 199.43 ,Critical,,,,
2551,MX-2013-132206,10-12-2013,Mexico,North,Furniture,485.888,12.128, 163.26 ,Critical,,,,
2552,MX-2013-121545,03-05-2013,El Salvador,Central,Office Supplies,394.98,15.78, 37.22 ,High,,,,
2567,MX-2012-111465,10-07-2012,Mexico,North,Furniture,932.992,314.832, 74.78 ,Medium,,,,
2573,US-2011-148264,14-10-2011,Dominican Republic,Caribbean,Technology,700.4046,-80.7954, 58.19 ,Medium,,,,
2576,MX-2013-128027,04-10-2013,Honduras,Central,Furniture,1121.832,-542.328, 95.70 ,High,,,,
2579,MX-2014-136280,30-06-2014,Guatemala,Central,Technology,517.92,176.04, 102.69 ,Critical,,,,
2580,MX-2013-163811,02-10-2013,Cuba,Caribbean,Furniture,173.1,69.2, 33.99 ,High,,,,
2582,MX-2014-104472,17-09-2014,Cuba,Caribbean,Office Supplies,722.36,50.56, 197.66 ,Critical,,,,
2585,US-2014-104738,04-11-2014,Argentina,South,Technology,508.92,-305.36, 40.77 ,Medium,,,,
2595,MX-2013-102869,22-12-2013,Brazil,South,Technology,445.28,17.76, 49.75 ,High,,,,
2597,US-2014-157315,23-09-2014,Panama,Central,Furniture,568.608,-322.272, 35.84 ,High,,,,
2608,MX-2014-142069,16-01-2014,Guatemala,Central,Office Supplies,1057.38,285.48, 43.46 ,Medium,,,,
2617,MX-2013-147333,19-09-2013,Brazil,South,Office Supplies,680.6,129.3, 70.26 ,Medium,,,,
2621,MX-2012-112935,13-04-2012,Guatemala,Central,Office Supplies,1386.88,582.48, 67.20 ,Medium,,,,
2629,MX-2014-134719,29-05-2014,Colombia,South,Technology,358,110.96, 45.08 ,High,,,,
2635,US-2011-163874,11-01-2011,Mexico,North,Furniture,451.6,-107.3, 57.75 ,Medium,,,,
2636,US-2011-163874,11-01-2011,Mexico,North,Technology,244.5,88, 39.11 ,Medium,,,,
2637,US-2011-163874,11-01-2011,Mexico,North,Office Supplies,1322.8,238, 103.84 ,Medium,,,,
2641,US-2011-158554,09-08-2011,Dominican Republic,Caribbean,Technology,2044.8,-332.28, 417.99 ,High,,,,
2642,US-2011-158554,09-08-2011,Dominican Republic,Caribbean,Office Supplies,1819.104,500.184, 249.64 ,High,,,,
2644,MX-2012-116904,24-05-2012,Chile,South,Furniture,500.576,31.256, 43.42 ,Medium,,,,
2645,MX-2013-137330,21-05-2013,El Salvador,Central,Technology,2544.24,992.16, 277.93 ,High,,,,
2649,MX-2013-137330,21-05-2013,El Salvador,Central,Technology,492.42,211.74, 58.74 ,High,,,,
2658,MX-2014-122826,10-04-2014,Brazil,South,Technology,572.52,211.8, 52.17 ,Medium,,,,
2665,MX-2014-136154,08-11-2014,Mexico,North,Technology,409.08,110.4, 173.13 ,Critical,,,,
2674,MX-2014-101609,26-05-2014,Mexico,North,Furniture,634.24,15.84, 89.08 ,Low,,,,
2675,MX-2014-100041,29-10-2014,Nicaragua,Central,Furniture,567.42,164.5, 35.60 ,Medium,,,,
2682,MX-2014-164889,08-09-2014,Cuba,Caribbean,Furniture,2419.2,411.18, 205.17 ,High,,,,
2695,MX-2014-127061,15-12-2014,Brazil,South,Technology,498.36,9.96, 195.37 ,Critical,,,,
2696,MX-2014-127061,15-12-2014,Brazil,South,Furniture,458.16,57.26, 100.10 ,Critical,,,,
2705,US-2012-130274,17-07-2012,Argentina,South,Furniture,199.368,-129.612, 42.39 ,High,,,,
2708,MX-2014-102246,05-07-2014,Mexico,North,Furniture,1166.96,-58.44, 138.14 ,Medium,,,,
2710,MX-2014-159177,24-09-2014,Chile,South,Office Supplies,127.9,47.3, 37.42 ,High,,,,
2716,US-2011-102281,04-10-2011,Brazil,South,Furniture,859.04,-365.12, 40.28 ,Medium,,,,
2725,MX-2011-148495,17-11-2011,Brazil,South,Technology,526.40508,188.78508, 109.36 ,High,,,,
2726,MX-2011-150588,17-06-2011,Mexico,North,Technology,273.48,24.6, 35.78 ,High,,,,
2733,MX-2013-128706,20-09-2013,Cuba,Caribbean,Technology,474.2496,227.1096, 42.24 ,Medium,,,,
2740,US-2014-158141,24-03-2014,Mexico,North,Furniture,403.2,-100.8, 41.08 ,High,,,,
2755,MX-2013-141642,08-06-2013,Colombia,South,Furniture,659.34,98.82, 49.21 ,Medium,,,,
2761,MX-2013-121755,19-02-2013,Brazil,South,Office Supplies,749.72,22.48, 61.35 ,Medium,,,,
2765,MX-2011-129567,21-12-2011,Brazil,South,Furniture,629.58,264.32, 105.24 ,Medium,,,,
2775,MX-2013-159100,12-09-2013,Mexico,North,Technology,755.3862,157.4262, 68.57 ,Medium,,,,
2783,MX-2014-120264,30-06-2014,Brazil,South,Technology,634.78788,62.32788, 47.90 ,Medium,,,,
2799,MX-2011-100384,24-08-2011,Mexico,North,Furniture,274.704,72.084, 41.05 ,Low,,,,
2808,MX-2014-120026,22-12-2014,El Salvador,Central,Furniture,1269.6,355.44, 333.15 ,High,,,,
2821,MX-2014-156566,21-01-2014,Panama,Central,Furniture,1136.664,-284.256, 52.14 ,Medium,,,,
2825,MX-2013-157448,29-12-2013,Mexico,North,Technology,286.44,14.28, 35.13 ,Medium,,,,
2838,MX-2013-105459,12-12-2013,Brazil,South,Technology,593.53056,111.73056, 51.38 ,Medium,,,,
2841,US-2014-116183,23-06-2014,Dominican Republic,Caribbean,Furniture,319.644,-319.716, 38.35 ,Medium,,,,
2851,MX-2013-107405,21-06-2013,Mexico,North,Technology,486.6,209.2, 45.67 ,High,,,,
2859,MX-2014-109057,19-09-2014,Ecuador,South,Technology,972.81048,36.93048, 154.07 ,Medium,,,,
2868,MX-2013-145898,06-08-2013,Mexico,North,Technology,607.2,103.2, 99.14 ,High,,,,
2875,MX-2013-100251,20-12-2013,Cuba,Caribbean,Technology,881.9326,130.7326, 89.48 ,Medium,,,,
2878,MX-2013-100251,20-12-2013,Cuba,Caribbean,Furniture,343.74,164.94, 34.43 ,Medium,,,,
2881,MX-2014-161046,25-09-2014,Mexico,North,Technology,713.29056,327.31056, 36.31 ,Medium,,,,
2886,MX-2014-102820,24-07-2014,Nicaragua,Central,Furniture,583.48,93.32, 41.07 ,High,,,,
2888,MX-2014-135286,10-06-2014,Guatemala,Central,Furniture,583.12,274.04, 71.80 ,High,,,,
2894,MX-2013-111654,19-12-2013,Cuba,Caribbean,Office Supplies,360,72, 33.80 ,High,,,,
2898,US-2011-125689,15-09-2011,Panama,Central,Office Supplies,633.528,-316.812, 50.90 ,Medium,,,,
2910,MX-2011-141397,23-09-2011,Brazil,South,Furniture,1107.2,420.72, 105.34 ,High,,,,
2911,MX-2011-141397,23-09-2011,Brazil,South,Furniture,343.02,20.58, 43.09 ,High,,,,
2927,MX-2014-151218,16-04-2014,El Salvador,Central,Furniture,610.6,238.12, 162.25 ,High,,,,
2928,MX-2013-140144,26-04-2013,Nicaragua,Central,Technology,381.91464,79.57464, 35.50 ,High,,,,
2936,MX-2013-130883,23-07-2013,Cuba,Caribbean,Technology,348.34192,23.70192, 65.14 ,High,,,,
2943,US-2014-163741,27-11-2014,Venezuela,South,Furniture,656.46,-765.94, 51.34 ,Medium,,,,
2945,MX-2014-114797,26-12-2014,Nicaragua,Central,Technology,262.14,5.22, 73.46 ,Medium,,,,
2957,MX-2014-113894,11-07-2014,Brazil,South,Furniture,972.64,58.32, 87.05 ,High,,,,
2959,MX-2012-165470,27-03-2012,Mexico,North,Technology,546.6,27.24, 35.60 ,Medium,,,,
2963,MX-2014-152688,07-12-2014,El Salvador,Central,Technology,1227.57992,526.31992, 186.29 ,High,,,,
2964,US-2011-166436,18-05-2011,Dominican Republic,Caribbean,Furniture,697.584,-209.296, 67.79 ,Medium,,,,
2965,US-2011-166436,18-05-2011,Dominican Republic,Caribbean,Technology,437.088,-38.352, 41.15 ,Medium,,,,
2967,US-2011-166436,18-05-2011,Dominican Republic,Caribbean,Office Supplies,1383.36,-224.84, 76.05 ,Medium,,,,
2971,US-2014-104808,09-06-2014,Honduras,Central,Technology,394.272,-256.288, 130.44 ,Critical,,,,
2972,MX-2014-141229,20-11-2014,Mexico,North,Furniture,744,269.7, 137.90 ,High,,,,
2979,MX-2013-151939,12-11-2013,Nicaragua,Central,Office Supplies,109.32,13.08, 34.03 ,Critical,,,,
2980,MX-2013-151939,12-11-2013,Nicaragua,Central,Office Supplies,126.8,26.56, 37.61 ,Critical,,,,
2981,MX-2013-151022,01-08-2013,Brazil,South,Technology,350.85688,20.37688, 43.03 ,High,,,,
2990,US-2013-161312,04-11-2013,Dominican Republic,Caribbean,Technology,384.38064,-87.69936, 48.17 ,High,,,,
2991,US-2013-161312,04-11-2013,Dominican Republic,Caribbean,Furniture,706.32,-459.18, 60.50 ,High,,,,
2995,MX-2014-161578,25-06-2014,Guatemala,Central,Furniture,293.52,55.74, 36.51 ,High,,,,
3001,MX-2014-105536,12-10-2014,Brazil,South,Furniture,560.1,5.6, 45.88 ,Medium,,,,
3016,MX-2014-140438,12-12-2014,Cuba,Caribbean,Furniture,309.12,27.82, 44.59 ,Medium,,,,
3031,MX-2014-154613,16-10-2014,Brazil,South,Technology,634.96752,-1.27248, 53.04 ,Medium,,,,
3035,MX-2011-114741,01-11-2011,Mexico,North,Furniture,388.608,29.128, 53.93 ,High,,,,
3040,MX-2014-135307,24-11-2014,Brazil,South,Technology,408.42,32.58, 46.65 ,High,,,,
3051,MX-2013-100678,06-12-2013,Mexico,North,Technology,1034.16,361.92, 35.29 ,Medium,,,,
3057,MX-2014-146269,14-06-2014,Mexico,North,Furniture,185.536,18.536, 35.36 ,Critical,,,,
3068,MX-2012-103618,18-04-2012,Guatemala,Central,Technology,1479.36,103.44, 231.96 ,Medium,,,,
3072,MX-2011-144883,02-11-2011,Cuba,Caribbean,Furniture,607.92,91.08, 49.34 ,Medium,,,,
3080,MX-2014-139654,27-11-2014,Mexico,North,Technology,316.1664,151.4064, 53.91 ,High,,,,
3084,US-2014-164175,14-03-2014,Peru,South,Furniture,551.556,-101.124, 55.14 ,Medium,,,,
3087,MX-2014-157518,31-05-2014,Colombia,South,Furniture,296.34,41.46, 93.82 ,Medium,,,,
3090,MX-2011-111059,15-11-2011,Mexico,North,Furniture,728.832,18.192, 44.69 ,High,,,,
3092,MX-2013-151617,12-07-2013,Nicaragua,Central,Furniture,231.72,60.24, 51.41 ,High,,,,
3093,MX-2013-151617,12-07-2013,Nicaragua,Central,Furniture,527.76,248.04, 108.89 ,High,,,,
3097,MX-2012-156937,22-11-2012,Colombia,South,Furniture,537.4,145, 43.45 ,High,,,,
3099,MX-2014-139255,23-04-2014,El Salvador,Central,Technology,575.4,22.96, 55.34 ,Medium,,,,
3102,US-2013-101602,25-09-2013,Venezuela,South,Office Supplies,395.88,-250.82, 63.67 ,High,,,,
3103,MX-2012-167990,21-03-2012,El Salvador,Central,Office Supplies,394.98,15.78, 60.27 ,High,,,,
3115,MX-2012-169040,25-08-2012,Brazil,South,Office Supplies,370.52,66.68, 64.00 ,Critical,,,,
3116,MX-2012-169040,25-08-2012,Brazil,South,Technology,395.44752,177.44752, 165.71 ,Critical,,,,
3117,MX-2014-151470,21-04-2014,Chile,South,Furniture,803.52,80.28, 205.34 ,High,,,,
3121,MX-2012-105900,19-12-2012,Mexico,North,Technology,1022.56,327.14, 183.66 ,High,,,,
3122,MX-2012-105900,19-12-2012,Mexico,North,Furniture,883.264,298.064, 148.75 ,High,,,,
3136,MX-2014-129294,17-10-2014,Mexico,North,Technology,513.12,0, 77.27 ,High,,,,
3138,MX-2014-129294,17-10-2014,Mexico,North,Office Supplies,270.56,129.76, 36.93 ,High,,,,
3149,MX-2013-147844,15-11-2013,Mexico,North,Technology,3045.84,1035.58, 309.75 ,High,,,,
3150,MX-2013-147844,15-11-2013,Mexico,North,Furniture,328.16,-36.94, 61.63 ,High,,,,
3151,MX-2011-151862,03-10-2011,Brazil,South,Furniture,1526.5,595.3, 121.73 ,Medium,,,,
3154,MX-2014-100398,11-06-2014,Brazil,South,Furniture,942.36,292.08, 52.58 ,Medium,,,,
3155,MX-2014-100398,11-06-2014,Brazil,South,Office Supplies,421.38,75.84, 47.58 ,Medium,,,,
3157,MX-2014-154305,19-12-2014,Colombia,South,Furniture,456.96,187.28, 76.96 ,High,,,,
3159,MX-2013-167276,11-06-2013,Cuba,Caribbean,Office Supplies,328.14,127.8, 55.17 ,High,,,,
3165,MX-2013-167276,11-06-2013,Cuba,Caribbean,Furniture,417.42,70.92, 71.93 ,High,,,,
3168,MX-2013-150721,05-06-2013,Guatemala,Central,Office Supplies,426.4,76.7, 45.88 ,Medium,,,,
3172,MX-2013-120740,11-02-2013,Colombia,South,Technology,1035.84,352.08, 57.00 ,Medium,,,,
3175,MX-2013-120740,11-02-2013,Colombia,South,Technology,790.65552,101.37552, 43.58 ,Medium,,,,
3177,MX-2013-120740,11-02-2013,Colombia,South,Furniture,446.4,44.6, 33.03 ,Medium,,,,
3187,MX-2011-168312,25-08-2011,El Salvador,Central,Furniture,796.48,270.72, 77.85 ,Medium,,,,
3201,MX-2014-111234,28-10-2014,Brazil,South,Office Supplies,84.6,6.72, 39.81 ,Critical,,,,
3202,MX-2014-111234,28-10-2014,Brazil,South,Furniture,566,84.9, 67.46 ,Critical,,,,
3203,MX-2014-111234,28-10-2014,Brazil,South,Furniture,429.92,116, 97.58 ,Critical,,,,
3204,MX-2014-111234,28-10-2014,Brazil,South,Furniture,96.48,34.72, 37.88 ,Critical,,,,
3215,MX-2013-134005,01-06-2013,Brazil,South,Furniture,825.216,-144.444, 41.73 ,Medium,,,,
3238,MX-2013-154004,06-11-2013,Cuba,Caribbean,Office Supplies,663,159.1, 69.07 ,High,,,,
3239,MX-2013-154004,06-11-2013,Cuba,Caribbean,Furniture,326.72,26.08, 33.75 ,High,,,,
3240,MX-2014-116316,01-09-2014,El Salvador,Central,Furniture,219.28,0, 54.57 ,Critical,,,,
3243,MX-2014-136889,11-04-2014,Brazil,South,Technology,972.81048,36.93048, 123.50 ,Medium,,,,
3256,MX-2014-165050,16-04-2014,Mexico,North,Technology,421.47536,176.51536, 55.72 ,Medium,,,,
3259,MX-2012-130708,08-06-2012,Nicaragua,Central,Furniture,1367.4,396.5, 161.85 ,Medium,,,,
3260,MX-2012-159646,03-12-2012,Mexico,North,Office Supplies,1121.94,516.06, 163.00 ,High,,,,
3263,MX-2011-140851,31-05-2011,Nicaragua,Central,Furniture,539.472,188.772, 47.21 ,Medium,,,,
3269,MX-2013-141537,01-02-2013,Dominican Republic,Caribbean,Furniture,266.94,-177.96, 78.92 ,High,,,,
3270,MX-2013-141537,01-02-2013,Dominican Republic,Caribbean,Office Supplies,168.288,56.688, 39.29 ,High,,,,
3279,MX-2013-149538,18-12-2013,Mexico,North,Technology,1134.94556,43.08556, 105.05 ,High,,,,
3280,MX-2013-149538,18-12-2013,Mexico,North,Technology,478.7406,109.3406, 64.77 ,High,,,,
3294,US-2014-110597,21-05-2014,Mexico,North,Furniture,1940.064,339.444, 150.88 ,Medium,,,,
3302,US-2014-154361,10-11-2014,Mexico,North,Furniture,825.216,-144.444, 43.94 ,Medium,,,,
3303,US-2014-154361,10-11-2014,Mexico,North,Technology,1192.3106,57.3106, 101.95 ,Medium,,,,
3305,US-2014-154361,10-11-2014,Mexico,North,Technology,508.26144,192.50144, 42.51 ,Medium,,,,
3312,US-2014-127026,31-10-2014,Mexico,North,Furniture,484.176,-137.324, 73.41 ,High,,,,
3316,MX-2013-137855,18-01-2013,Brazil,South,Furniture,217.02,19.5, 35.19 ,Low,,,,
3317,MX-2013-137855,18-01-2013,Brazil,South,Office Supplies,1051.38,94.62, 107.57 ,Low,,,,
3329,MX-2012-148187,20-03-2012,Brazil,South,Technology,888.14016,256.16016, 44.90 ,Medium,,,,
3341,MX-2013-102470,20-11-2013,Nicaragua,Central,Technology,276.24,99.44, 56.57 ,High,,,,
3342,MX-2013-102470,20-11-2013,Nicaragua,Central,Technology,364.14,171.12, 93.28 ,High,,,,
3345,MX-2013-158211,14-06-2013,Cuba,Caribbean,Office Supplies,201.36,28.08, 36.27 ,Medium,,,,
3359,MX-2011-163048,28-09-2011,Mexico,North,Technology,535.78,101.78, 46.23 ,High,,,,
3362,MX-2013-169474,19-04-2013,Dominican Republic,Caribbean,Furniture,350.808,-140.352, 39.32 ,High,,,,
3376,US-2013-131975,18-06-2013,Peru,South,Technology,576.7112,-50.1688, 44.08 ,Medium,,,,
3382,MX-2013-128552,02-08-2013,Cuba,Caribbean,Office Supplies,315.18,110.16, 40.76 ,Medium,,,,
3386,MX-2014-127733,08-12-2014,Mexico,North,Technology,354.24,77.92, 54.02 ,Medium,,,,
3387,MX-2014-142510,09-12-2014,Brazil,South,Furniture,531.36,255.04, 83.89 ,High,,,,
3403,MX-2012-116470,02-10-2012,Cuba,Caribbean,Furniture,391.36,74.32, 73.24 ,Medium,,,,
3409,MX-2014-141033,28-11-2014,Mexico,North,Technology,250.83732,44.73732, 38.02 ,High,,,,
3424,MX-2013-109183,20-06-2013,Brazil,South,Office Supplies,171.16,0, 36.59 ,High,,,,
3436,MX-2011-156755,29-12-2011,El Salvador,Central,Furniture,457.84,187.68, 39.38 ,Low,,,,
3450,MX-2014-127040,13-11-2014,El Salvador,Central,Technology,412.673,56.973, 52.83 ,High,,,,
3451,MX-2014-127040,13-11-2014,El Salvador,Central,Technology,348.46168,76.10168, 39.02 ,High,,,,
3454,MX-2012-150133,17-04-2012,Mexico,North,Technology,750.97504,36.09504, 73.95 ,High,,,,
3456,MX-2014-151323,23-06-2014,Trinidad and Tobago,Caribbean,Technology,204.16,79.6, 45.05 ,High,,,,
3464,MX-2011-150385,25-10-2011,Venezuela,South,Technology,490.26,32.66, 44.38 ,Medium,,,,
3484,MX-2014-165309,05-09-2014,El Salvador,Central,Furniture,2106.496,526.496, 728.39 ,Critical,,,,
3486,MX-2014-131457,07-04-2014,Brazil,South,Furniture,339.6,50.94, 58.22 ,High,,,,
3500,MX-2013-166443,20-08-2013,Brazil,South,Technology,703.04,351.52, 45.30 ,Medium,,,,
3503,MX-2012-168865,14-09-2012,Mexico,North,Technology,2365.6592,18.8592, 372.32 ,High,,,,
3507,MX-2013-107475,31-10-2013,Cuba,Caribbean,Technology,523.23144,198.15144, 63.90 ,Medium,,,,
3518,US-2012-166856,19-03-2012,Honduras,Central,Furniture,417.144,-97.356, 56.93 ,Low,,,,
3524,US-2011-163377,26-07-2011,Dominican Republic,Caribbean,Furniture,232.624,-43.736, 37.01 ,High,,,,
3526,MX-2011-135440,26-02-2011,Nicaragua,Central,Technology,988.3194,126.7194, 107.47 ,Medium,,,,
3527,MX-2011-135440,26-02-2011,Nicaragua,Central,Furniture,685.44,280.92, 88.39 ,Medium,,,,
3532,MX-2014-113355,18-09-2014,Brazil,South,Technology,586.5246,169.2246, 41.56 ,Medium,,,,
3535,US-2014-118612,20-11-2014,Mexico,North,Furniture,975.12,-219.48, 70.43 ,Medium,,,,
3542,MX-2014-145737,01-09-2014,Nicaragua,Central,Technology,465.24,213.96, 81.93 ,High,,,,
3544,MX-2014-153997,13-10-2014,Mexico,North,Office Supplies,1762.3,475.8, 136.85 ,Medium,,,,
3547,MX-2014-137442,21-10-2014,Brazil,South,Furniture,269.64,121.24, 83.42 ,Critical,,,,
3548,MX-2014-137442,21-10-2014,Brazil,South,Technology,503.5908,104.9508, 33.06 ,Critical,,,,
3549,MX-2014-137442,21-10-2014,Brazil,South,Office Supplies,211.12,71.68, 42.13 ,Critical,,,,
3550,MX-2014-137442,21-10-2014,Brazil,South,Furniture,928.256,-81.224, 77.03 ,Critical,,,,
3562,MX-2012-109561,03-09-2012,Brazil,South,Technology,238.9,107.5, 33.96 ,High,,,,
3566,US-2012-129063,02-10-2012,Mexico,North,Furniture,741.888,-102.012, 142.27 ,High,,,,
3576,US-2014-147501,07-10-2014,Argentina,South,Office Supplies,1001.76,50.06, 130.68 ,High,,,,
3579,MX-2014-120348,16-10-2014,Nicaragua,Central,Office Supplies,207.9,101.7, 59.44 ,High,,,,
3582,MX-2011-139136,11-11-2011,Nicaragua,Central,Technology,418.8,175.88, 37.43 ,Medium,,,,
3587,US-2012-163230,07-11-2012,Dominican Republic,Caribbean,Furniture,285.696,-35.744, 48.76 ,High,,,,
3590,MX-2014-154529,30-07-2014,Mexico,North,Technology,575.1474,62.1474, 33.75 ,Medium,,,,
3595,US-2014-119522,21-07-2014,Argentina,South,Technology,364.392,-60.768, 47.29 ,High,,,,
3609,MX-2012-148733,14-04-2012,Brazil,South,Technology,523.23144,198.15144, 42.98 ,Low,,,,
3615,MX-2013-166926,04-01-2013,Guatemala,Central,Furniture,2841.66,710.28, 136.62 ,Medium,,,,
3625,US-2012-157224,14-11-2012,Mexico,North,Furniture,382.4,0, 34.18 ,Medium,,,,
3631,MX-2011-145807,07-10-2011,Barbados,Caribbean,Technology,768.49992,275.65992, 53.76 ,Medium,,,,
3635,MX-2013-137449,04-11-2013,Cuba,Caribbean,Furniture,234.78,35.14, 43.05 ,Low,,,,
3639,MX-2014-156027,10-12-2014,Cuba,Caribbean,Furniture,439.6,87.92, 56.62 ,High,,,,
3647,MX-2014-149734,30-10-2014,El Salvador,Central,Technology,659.54,151.62, 118.42 ,High,,,,
3652,MX-2014-100650,28-07-2014,Brazil,South,Technology,384.96852,68.64852, 42.80 ,Medium,,,,
3654,US-2012-151330,30-09-2012,Brazil,South,Technology,642.992,-932.568, 39.58 ,Medium,,,,
3658,MX-2011-159009,15-06-2011,Brazil,South,Furniture,687.4,171.78, 42.26 ,Medium,,,,
3672,MX-2011-165932,25-09-2011,Mexico,North,Furniture,739.536,-166.404, 56.87 ,Medium,,,,
3674,MX-2014-124086,28-10-2014,Mexico,North,Office Supplies,737.6,228.64, 52.57 ,Medium,,,,
3685,MX-2012-159730,16-03-2012,Mexico,North,Furniture,719.136,152.676, 47.04 ,Medium,,,,
3696,US-2014-133676,23-06-2014,Panama,Central,Technology,418.02592,-15.41408, 53.78 ,Low,,,,
3700,US-2012-110436,28-05-2012,Mexico,North,Furniture,585.456,-0.024, 304.53 ,Critical,,,,
3715,MX-2013-161592,19-03-2013,El Salvador,Central,Furniture,231.92,64.92, 42.29 ,High,,,,
3719,MX-2011-161480,24-02-2011,Brazil,South,Technology,501.47504,84.39504, 69.65 ,Medium,,,,
3731,US-2012-108420,26-06-2012,Dominican Republic,Caribbean,Technology,649.20492,-9.77508, 126.87 ,High,,,,
3732,US-2012-108420,26-06-2012,Dominican Republic,Caribbean,Technology,303.984,-678.936, 73.07 ,High,,,,
3740,MX-2014-134740,26-06-2014,Guatemala,Central,Office Supplies,256.74,0, 56.34 ,Critical,,,,
3747,MX-2012-118031,14-12-2012,Colombia,South,Technology,443.9104,163.6704, 56.58 ,Medium,,,,
3748,MX-2012-134355,28-11-2012,Dominican Republic,Caribbean,Office Supplies,1510.96,509.86, 224.28 ,High,,,,
3751,MX-2013-132801,20-09-2013,Mexico,North,Office Supplies,599.34,275.66, 74.03 ,High,,,,
3754,MX-2013-132801,20-09-2013,Mexico,North,Technology,755.26644,225.46644, 58.95 ,High,,,,
3774,MX-2011-169019,11-11-2011,Guatemala,Central,Technology,494.6088,93.1088, 105.08 ,High,,,,
3788,MX-2011-126949,01-09-2011,Nicaragua,Central,Office Supplies,182.88,3.6, 44.76 ,High,,,,
3794,MX-2011-156748,28-02-2011,Brazil,South,Technology,358,110.96, 64.95 ,High,,,,
3795,MX-2014-135209,02-12-2014,Brazil,South,Furniture,274.8,112.62, 33.17 ,High,,,,
3798,MX-2014-135209,02-12-2014,Brazil,South,Furniture,287.58,31.62, 42.42 ,High,,,,
3801,MX-2011-146535,16-09-2011,Cuba,Caribbean,Office Supplies,552.96,132.64, 102.93 ,High,,,,
3806,MX-2013-122245,30-10-2013,Dominican Republic,Caribbean,Technology,376.128,-275.832, 73.57 ,High,,,,
3808,MX-2012-110569,13-04-2012,Dominican Republic,Caribbean,Technology,494.464,148.224, 82.95 ,Low,,,,
3819,MX-2012-133165,02-11-2012,Cuba,Caribbean,Furniture,640.74,301.14, 133.60 ,High,,,,
3821,MX-2012-133165,02-11-2012,Cuba,Caribbean,Technology,256.16664,91.88664, 42.89 ,High,,,,
3822,MX-2012-133165,02-11-2012,Cuba,Caribbean,Furniture,586.08,87.84, 150.27 ,High,,,,
3828,MX-2014-148299,28-11-2014,Panama,Central,Furniture,1459.68,-535.32, 138.49 ,Medium,,,,
3832,MX-2011-145870,21-05-2011,Cuba,Caribbean,Office Supplies,755.2,7.52, 86.03 ,Medium,,,,
3847,MX-2013-140319,16-04-2013,Mexico,North,Office Supplies,1448.16,318.5, 169.22 ,High,,,,
3849,MX-2013-117450,13-05-2013,Brazil,South,Office Supplies,112.52,51.72, 35.18 ,Critical,,,,
3851,MX-2013-117450,13-05-2013,Brazil,South,Technology,169.44,84.72, 57.38 ,Critical,,,,
3857,MX-2014-159667,25-11-2014,Panama,Central,Technology,672.10416,-429.41584, 57.33 ,Medium,,,,
3859,MX-2012-126522,24-12-2012,Guatemala,Central,Office Supplies,447.2,147.5, 37.49 ,Medium,,,,
3863,MX-2011-135594,16-12-2011,El Salvador,Central,Office Supplies,718.72,301.84, 45.77 ,Medium,,,,
3866,MX-2013-122063,05-10-2013,Mexico,North,Furniture,1715.056,300.076, 66.50 ,Medium,,,,
3875,MX-2011-134705,04-05-2011,El Salvador,Central,Furniture,2833.76,35.36, 269.94 ,High,,,,
3886,MX-2013-117702,23-04-2013,Nicaragua,Central,Technology,1275,178.5, 53.94 ,Medium,,,,
3899,MX-2012-131058,16-03-2012,Nicaragua,Central,Technology,341.52,13.64, 43.05 ,High,,,,
3904,US-2014-154487,20-12-2014,Mexico,North,Office Supplies,2509.36,426.58, 320.96 ,High,,,,
3919,MX-2014-109064,13-08-2014,Cuba,Caribbean,Office Supplies,1497.44,299.44, 110.27 ,Medium,,,,
3924,MX-2011-155299,23-12-2011,Dominican Republic,Caribbean,Furniture,753.888,103.608, 176.21 ,Critical,,,,
3933,US-2014-102435,17-06-2014,Panama,Central,Office Supplies,449.04,-164.72, 68.08 ,Medium,,,,
3942,MX-2011-151365,05-12-2011,Mexico,North,Furniture,744,269.7, 90.94 ,Low,,,,
3943,MX-2011-151365,05-12-2011,Mexico,North,Technology,802.07264,-1.60736, 101.64 ,Low,,,,
3946,MX-2012-149454,15-09-2012,Mexico,North,Furniture,485.904,36.384, 71.53 ,High,,,,
3947,MX-2012-149454,15-09-2012,Mexico,North,Furniture,359.76,98.86, 47.73 ,High,,,,
3949,MX-2012-149454,15-09-2012,Mexico,North,Technology,752.21256,126.59256, 193.76 ,High,,,,
3951,MX-2014-167514,09-01-2014,Colombia,South,Technology,164.2,26.24, 42.73 ,Critical,,,,
3955,MX-2012-145653,16-05-2012,Nicaragua,Central,Technology,704.88,119.76, 68.20 ,Medium,,,,
3962,US-2011-115875,18-07-2011,Mexico,North,Furniture,701.616,-35.124, 61.84 ,Medium,,,,
3977,MX-2014-117604,16-01-2014,El Salvador,Central,Technology,461.6,180, 97.20 ,Medium,,,,
3983,MX-2014-145072,17-03-2014,Cuba,Caribbean,Technology,486.6,209.2, 53.29 ,Medium,,,,
3988,US-2013-111752,15-09-2013,Venezuela,South,Furniture,406.44,-264.24, 86.11 ,High,,,,
4000,MX-2012-123176,25-10-2012,Nicaragua,Central,Technology,2146.6,429.3, 211.31 ,Medium,,,,
4014,MX-2012-130848,18-05-2012,Mexico,North,Technology,1305.36,443.82, 78.94 ,Medium,,,,
4020,MX-2014-114874,11-03-2014,Cuba,Caribbean,Furniture,1143.44,320.16, 210.80 ,Critical,,,,
4023,MX-2014-114874,27-11-2014,Mexico,North,Technology,350.93672,125.85672, 73.59 ,Critical,,,,
4025,MX-2013-145303,12-04-2013,Cuba,Caribbean,Technology,459.52,220.56, 113.10 ,High,,,,
4027,US-2014-148817,21-04-2014,Guatemala,Central,Technology,1058.2792,-2.1208, 354.42 ,Critical,,,,
4035,MX-2013-121846,12-10-2013,Brazil,South,Technology,410.5,65.6, 44.08 ,High,,,,
4040,MX-2012-126053,28-04-2012,Brazil,South,Furniture,428.28,137.04, 42.94 ,High,,,,
4042,MX-2014-127901,15-12-2014,El Salvador,Central,Furniture,610.6,238.12, 57.83 ,Medium,,,,
4051,MX-2014-107055,15-08-2014,Brazil,South,Technology,859.5,266.4, 39.07 ,Medium,,,,
4057,MX-2013-146395,22-11-2013,Colombia,South,Technology,352.44,59.88, 74.96 ,High,,,,
4062,MX-2011-104892,24-11-2011,Mexico,North,Furniture,1707.264,192.024, 109.74 ,Medium,,,,
4067,MX-2013-130862,18-10-2013,Nicaragua,Central,Furniture,604.16,169.12, 34.95 ,Medium,,,,
4078,MX-2011-127096,23-09-2011,Mexico,North,Furniture,1093.92,123.02, 135.30 ,High,,,,
4087,MX-2014-118360,28-10-2014,El Salvador,Central,Furniture,266.72,16, 71.49 ,High,,,,
4094,MX-2013-111115,03-09-2013,Argentina,South,Furniture,493.452,-57.588, 40.85 ,Medium,,,,
4100,MX-2012-135230,07-11-2012,Mexico,North,Technology,191.49624,43.73624, 50.89 ,Critical,,,,
4115,MX-2013-154886,03-09-2013,Mexico,North,Technology,145.68,59.7, 51.09 ,Critical,,,,
4116,MX-2013-154886,03-09-2013,Mexico,North,Furniture,976.96,232, 328.66 ,Critical,,,,
4118,US-2012-139185,01-12-2012,Venezuela,South,Technology,757.8454,-471.4546, 44.55 ,Medium,,,,
4132,MX-2012-130015,13-11-2012,Brazil,South,Furniture,2221.8,622.02, 810.25 ,Critical,,,,
4139,MX-2014-125822,04-11-2014,Dominican Republic,Caribbean,Furniture,239.344,62.804, 41.32 ,High,,,,
4143,MX-2014-125822,04-11-2014,Dominican Republic,Caribbean,Technology,696.192,121.832, 135.15 ,High,,,,
4149,MX-2014-101469,30-07-2014,Cuba,Caribbean,Technology,501.47504,84.39504, 39.44 ,Medium,,,,
4155,MX-2012-109337,19-10-2012,Nicaragua,Central,Office Supplies,758.96,7.56, 53.74 ,Medium,,,,
4160,MX-2012-129483,01-10-2012,Colombia,South,Office Supplies,183.12,21.96, 33.04 ,Low,,,,
4173,US-2011-115077,30-09-2011,Dominican Republic,Caribbean,Office Supplies,577.888,-93.912, 81.81 ,Medium,,,,
4174,US-2011-115077,30-09-2011,Dominican Republic,Caribbean,Office Supplies,532.864,-13.336, 44.66 ,Medium,,,,
4195,MX-2013-126186,22-04-2013,Brazil,South,Technology,600.64,156.16, 36.47 ,Medium,,,,
4197,MX-2013-126186,22-04-2013,Brazil,South,Furniture,607.36,133.6, 49.21 ,Medium,,,,
4203,US-2014-122420,04-12-2014,Mexico,North,Furniture,1410.4,-88.2, 215.13 ,Critical,,,,
4225,MX-2014-143273,03-06-2014,Mexico,North,Office Supplies,1243.98,597.06, 78.54 ,Medium,,,,
4232,MX-2013-138359,11-05-2013,Cuba,Caribbean,Office Supplies,1993.08,498.24, 185.40 ,Medium,,,,
4243,MX-2011-155397,16-05-2011,Panama,Central,Technology,309.996,-118.884, 48.76 ,High,,,,
4248,MX-2013-156083,23-11-2013,Chile,South,Furniture,400.88,164.32, 55.82 ,High,,,,
4257,US-2011-165316,18-06-2011,Mexico,North,Furniture,518.784,58.304, 40.81 ,High,,,,
4283,US-2013-102379,19-02-2013,Dominican Republic,Caribbean,Furniture,437.688,-248.052, 44.09 ,Medium,,,,
4288,MX-2012-111430,19-12-2012,Peru,South,Technology,509.796,59.416, 40.70 ,Medium,,,,
4289,MX-2012-111430,19-12-2012,Peru,South,Technology,380.36388,-192.09612, 44.21 ,Medium,,,,
4305,MX-2012-136791,12-04-2012,Dominican Republic,Caribbean,Furniture,342.72,5.62, 61.88 ,High,,,,
4313,US-2013-104430,02-01-2013,Panama,Central,Furniture,234.816,-82.224, 39.18 ,Critical,,,,
4320,MX-2014-156006,01-08-2014,Brazil,South,Technology,865.9,129.8, 188.40 ,High,,,,
4323,MX-2012-154459,01-02-2012,Chile,South,Technology,151.92,71.4, 32.94 ,High,,,,
4327,MX-2014-144302,28-07-2014,Colombia,South,Technology,706.4,240.16, 74.83 ,Medium,,,,
4329,MX-2013-144113,14-12-2013,Colombia,South,Technology,256.52592,48.28592, 49.63 ,High,,,,
4333,MX-2013-139535,24-10-2013,El Salvador,Central,Furniture,288.4,11.52, 72.86 ,Critical,,,,
4335,MX-2013-124569,16-08-2013,Mexico,North,Office Supplies,169.1,81.1, 45.90 ,Critical,,,,
4336,MX-2014-152121,27-04-2014,Mexico,North,Technology,591.0156,194.1156, 66.92 ,High,,,,
4340,MX-2011-103345,07-06-2011,Mexico,North,Technology,423.19192,41.55192, 34.28 ,Medium,,,,
4343,MX-2011-103345,07-06-2011,Mexico,North,Technology,758.979,44.079, 43.12 ,Medium,,,,
4344,MX-2011-103345,07-06-2011,Mexico,North,Technology,846.78304,269.74304, 115.47 ,Medium,,,,
4346,MX-2012-159821,09-09-2012,Chile,South,Furniture,621.18,12.32, 35.05 ,Medium,,,,
4347,MX-2012-159821,09-09-2012,Chile,South,Furniture,297.96,77.46, 53.94 ,Medium,,,,
4354,MX-2013-142958,19-11-2013,Mexico,North,Technology,581.67432,62.91432, 65.96 ,High,,,,
4356,MX-2013-107398,09-10-2013,Brazil,South,Furniture,340.86,10.2, 80.12 ,Critical,,,,
4357,MX-2013-107398,09-10-2013,Brazil,South,Technology,325.36,149.64, 78.50 ,Critical,,,,
4361,MX-2012-129028,15-09-2012,El Salvador,Central,Furniture,626.56,162.88, 126.39 ,High,,,,
4362,MX-2013-140550,30-09-2013,Brazil,South,Furniture,2142,728.28, 121.40 ,Medium,,,,
4363,MX-2013-140550,30-09-2013,Brazil,South,Furniture,1420.8,355.2, 68.42 ,Medium,,,,
4366,MX-2014-165386,28-08-2014,El Salvador,Central,Furniture,211.3,105.6, 49.74 ,Critical,,,,
4369,MX-2013-158106,16-04-2013,Brazil,South,Office Supplies,1403.36,449.04, 250.03 ,High,,,,
4370,MX-2013-158106,16-04-2013,Brazil,South,Technology,429.6,176, 40.49 ,High,,,,
4374,MX-2012-162446,06-06-2012,Mexico,North,Furniture,351.68,0, 65.73 ,High,,,,
4375,MX-2012-124401,08-02-2012,Nicaragua,Central,Technology,635.80584,62.38584, 111.48 ,High,,,,
4384,MX-2011-118136,26-11-2011,Mexico,North,Technology,222.56,109.04, 45.03 ,High,,,,
4394,MX-2014-152961,19-03-2014,Mexico,North,Office Supplies,1888.7,887.6, 465.92 ,High,,,,
4397,MX-2014-152961,19-03-2014,Mexico,North,Technology,220.24,15.36, 45.97 ,High,,,,
4399,MX-2012-105067,08-08-2012,Mexico,North,Technology,573.9498,10.3498, 37.87 ,Medium,,,,
4402,MX-2014-126711,24-06-2014,Mexico,North,Technology,3045.84,1035.58, 317.17 ,High,,,,
4404,MX-2013-148754,09-11-2013,El Salvador,Central,Furniture,680.82,129.22, 67.55 ,High,,,,
4406,MX-2014-139773,19-02-2014,Colombia,South,Technology,341.8,164.04, 51.11 ,High,,,,
4407,MX-2014-139773,19-02-2014,Colombia,South,Office Supplies,337.2,80.88, 52.26 ,High,,,,
4409,MX-2012-168753,03-02-2012,El Salvador,Central,Office Supplies,245.56,88.34, 37.95 ,High,,,,
4416,US-2014-101063,09-10-2014,Argentina,South,Office Supplies,415.008,-228.272, 38.83 ,Medium,,,,
4417,US-2014-101063,09-10-2014,Argentina,South,Technology,384.34656,-162.01344, 62.18 ,Medium,,,,
4421,MX-2013-114013,21-06-2013,Cuba,Caribbean,Technology,739.44,125.64, 125.38 ,Medium,,,,
4424,MX-2011-161823,21-03-2011,Mexico,North,Technology,256.16664,86.72664, 61.39 ,High,,,,
4433,MX-2011-118731,29-04-2011,Mexico,North,Furniture,834.432,208.592, 34.54 ,Medium,,,,
4440,MX-2014-125906,20-03-2014,Brazil,South,Furniture,653.1,215.5, 70.09 ,Medium,,,,
4444,MX-2013-159583,02-01-2013,Mexico,North,Technology,1053.6884,441.2884, 101.28 ,Medium,,,,
4449,US-2011-114342,21-09-2011,Argentina,South,Furniture,705.072,-411.328, 128.72 ,High,,,,
4452,MX-2014-157077,12-11-2014,Cuba,Caribbean,Furniture,1916.88,939.26, 269.76 ,High,,,,
4471,MX-2013-154130,09-05-2013,Dominican Republic,Caribbean,Technology,1213.758,-216.042, 59.32 ,Medium,,,,
4473,MX-2013-103555,09-04-2013,Nicaragua,Central,Technology,638.56032,318.64032, 53.87 ,Medium,,,,
4476,US-2014-162215,23-05-2014,Mexico,North,Furniture,259.248,-32.412, 38.70 ,Medium,,,,
4486,MX-2013-163580,19-11-2013,Guatemala,Central,Furniture,2040.92,959.14, 221.05 ,Low,,,,
4489,MX-2014-154900,07-10-2014,Brazil,South,Furniture,487.6,4.8, 34.28 ,High,,,,
4490,MX-2014-154900,07-10-2014,Brazil,South,Office Supplies,332,23.2, 62.55 ,High,,,,
4493,MX-2014-147032,28-03-2014,Chile,South,Technology,135.96,10.86, 34.90 ,High,,,,
4495,MX-2013-111822,30-10-2013,Martinique,Caribbean,Furniture,176.6,65.3, 34.05 ,High,,,,
4496,MX-2013-111822,30-10-2013,Martinique,Caribbean,Technology,564.76,45.08, 70.47 ,High,,,,
4500,US-2014-108784,07-08-2014,Mexico,North,Furniture,592.56,-52.02, 131.11 ,High,,,,
4510,MX-2014-146465,03-03-2014,Cuba,Caribbean,Furniture,281.82,118.32, 37.35 ,High,,,,
4512,MX-2014-142076,18-12-2014,Nicaragua,Central,Office Supplies,666.08,119.88, 79.94 ,High,,,,
4513,MX-2014-120978,11-12-2014,Mexico,North,Furniture,584.352,160.632, 136.94 ,Critical,,,,
4520,MX-2013-121160,15-11-2013,Mexico,North,Technology,227.4,34.08, 38.42 ,High,,,,
4522,MX-2014-101749,10-05-2014,Cuba,Caribbean,Technology,1744.64,17.44, 76.55 ,Medium,,,,
4528,US-2014-166177,19-11-2014,Mexico,North,Furniture,705.072,-132.228, 73.22 ,Medium,,,,
4533,MX-2014-131968,06-11-2014,Guatemala,Central,Technology,1272.6,496.26, 175.20 ,Medium,,,,
4535,MX-2013-130526,14-08-2013,El Salvador,Central,Furniture,729.48,94.8, 127.70 ,High,,,,
4542,MX-2013-141747,27-06-2013,Dominican Republic,Caribbean,Furniture,371.328,13.728, 37.03 ,Low,,,,
4546,MX-2014-131814,06-06-2014,Argentina,South,Technology,755.0946,-419.3054, 77.33 ,High,,,,
4547,MX-2013-117961,25-11-2013,Dominican Republic,Caribbean,Furniture,351.68,0, 63.65 ,High,,,,
4551,MX-2013-165071,23-10-2013,Colombia,South,Office Supplies,1888.7,887.6, 171.57 ,Medium,,,,
4561,MX-2013-103863,01-10-2013,Mexico,North,Technology,333.66,3.3, 34.06 ,Medium,,,,
4565,MX-2014-158505,24-09-2014,Mexico,North,Office Supplies,667.84,287.16, 34.84 ,Medium,,,,
4568,MX-2014-158764,17-11-2014,Cuba,Caribbean,Furniture,293,5.86, 37.32 ,Medium,,,,
4569,MX-2013-109141,09-12-2013,Brazil,South,Furniture,919.26,266.58, 251.57 ,Critical,,,,
4570,MX-2014-123512,15-05-2014,Mexico,North,Office Supplies,2003.52,861.48, 302.48 ,High,,,,
4578,US-2011-108070,09-12-2011,Panama,Central,Furniture,194.796,-74.704, 35.76 ,Medium,,,,
4580,MX-2014-156615,02-06-2014,Mexico,North,Office Supplies,207.9,41.58, 47.87 ,High,,,,
4582,MX-2014-156615,02-06-2014,Mexico,North,Furniture,967.552,-205.608, 144.67 ,High,,,,
4585,MX-2011-150973,27-10-2011,Nicaragua,Central,Technology,1278,89.46, 358.18 ,Critical,,,,
4591,MX-2014-165449,05-11-2014,Cuba,Caribbean,Technology,1173.0492,338.4492, 81.41 ,Medium,,,,
4592,MX-2014-165449,05-11-2014,Cuba,Caribbean,Furniture,606.18,103.04, 34.56 ,Medium,,,,
4594,MX-2013-125787,24-11-2013,El Salvador,Central,Technology,501.67464,89.47464, 45.93 ,Medium,,,,
4597,MX-2012-143196,10-01-2012,Mexico,North,Furniture,1321.92,33, 181.12 ,High,,,,
4621,MX-2012-110219,05-06-2012,Chile,South,Technology,721.8534,251.6934, 187.40 ,High,,,,
4627,MX-2014-151519,01-09-2014,Brazil,South,Technology,811.72,284.06, 37.73 ,Medium,,,,
4633,MX-2012-160423,14-07-2012,Brazil,South,Furniture,607.9,79, 44.90 ,Medium,,,,
4634,MX-2012-133396,04-06-2012,Mexico,North,Furniture,182.688,50.208, 34.20 ,Low,,,,
4636,MX-2013-159366,13-10-2013,El Salvador,Central,Furniture,915.9,357.18, 92.16 ,Low,,,,
4645,MX-2014-157525,25-09-2014,Chile,South,Furniture,783.72,31.22, 82.12 ,High,,,,
4647,MX-2014-150000,15-09-2014,Cuba,Caribbean,Technology,858.64,171.72, 176.47 ,Low,,,,
4654,MX-2014-113040,13-11-2014,Guatemala,Central,Technology,634.78788,62.32788, 54.69 ,Medium,,,,
4659,MX-2011-109323,29-09-2011,El Salvador,Central,Office Supplies,552.96,132.64, 68.63 ,Medium,,,,
4669,MX-2014-123575,24-10-2014,Uruguay,South,Office Supplies,987.7,59.22, 60.83 ,Medium,,,,
4670,MX-2014-123575,24-10-2014,Uruguay,South,Office Supplies,1495.92,688.08, 79.60 ,Medium,,,,
4671,MX-2014-123575,24-10-2014,Uruguay,South,Furniture,1935.104,-411.216, 149.36 ,Medium,,,,
4676,MX-2012-134215,24-07-2012,Cuba,Caribbean,Technology,354.9,99.26, 65.59 ,High,,,,
4681,US-2014-135314,19-11-2014,Panama,Central,Furniture,364.416,-109.344, 49.45 ,High,,,,
4684,MX-2014-169313,13-05-2014,Mexico,North,Furniture,1715.056,300.076, 288.10 ,High,,,,
4689,MX-2014-137400,18-09-2014,Brazil,South,Technology,580.72,40.6, 119.15 ,High,,,,
4691,MX-2014-137400,18-09-2014,Brazil,South,Office Supplies,434.46,182.26, 56.54 ,High,,,,
4692,MX-2014-137400,18-09-2014,Brazil,South,Furniture,227.24,6.8, 33.76 ,High,,,,
4693,MX-2014-148950,26-03-2014,Mexico,North,Technology,503.51096,150.31096, 64.43 ,Medium,,,,
4695,MX-2014-135069,14-10-2014,Brazil,South,Furniture,1268.96,583.68, 89.52 ,Medium,,,,
4699,MX-2013-160948,29-10-2013,Mexico,North,Furniture,528.24,-118.86, 35.01 ,Medium,,,,
4701,MX-2011-112914,27-10-2011,El Salvador,Central,Furniture,381.76,87.76, 61.24 ,High,,,,
4710,MX-2014-129238,21-06-2014,Colombia,South,Office Supplies,166.56,59.84, 50.65 ,Critical,,,,
4723,US-2011-144204,20-06-2011,Venezuela,South,Technology,764.928,-306.012, 176.18 ,Critical,,,,
4725,US-2014-139381,03-10-2014,Mexico,North,Furniture,358.272,-71.728, 52.80 ,High,,,,
4726,US-2014-139381,03-10-2014,Mexico,North,Technology,352.44,59.88, 41.27 ,High,,,,
4737,MX-2012-105718,25-09-2012,Mexico,North,Technology,1000.98,9.9, 109.34 ,Medium,,,,
4753,US-2014-152254,26-12-2014,Dominican Republic,Caribbean,Furniture,732.72,174, 52.49 ,Medium,,,,
4756,MX-2011-140725,07-10-2011,Mexico,North,Furniture,270.144,-3.396, 33.17 ,High,,,,
4759,MX-2014-169607,23-09-2014,Mexico,North,Furniture,776,290.96, 81.55 ,Medium,,,,
4772,MX-2014-110009,26-08-2014,Haiti,Caribbean,Office Supplies,580.608,-154.952, 70.93 ,High,,,,
4778,US-2014-138212,14-10-2014,Panama,Central,Technology,413.316,-144.684, 64.90 ,High,,,,
4779,US-2014-138212,14-10-2014,Panama,Central,Technology,384.34656,-162.01344, 42.88 ,High,,,,
4780,MX-2013-134649,11-07-2013,Mexico,North,Furniture,627.696,172.596, 38.69 ,Medium,,,,
4781,US-2013-150924,05-10-2013,Argentina,South,Furniture,1130.832,-169.728, 62.04 ,Medium,,,,
4785,MX-2011-117359,22-03-2011,Mexico,North,Technology,2124.5,488.6, 151.92 ,Medium,,,,
4792,US-2012-154830,09-11-2012,Honduras,Central,Office Supplies,248.832,-66.408, 47.73 ,High,,,,
4807,US-2013-148117,17-09-2013,Peru,South,Furniture,139.032,-32.448, 40.81 ,Critical,,,,
4809,MX-2012-169600,23-05-2012,El Salvador,Central,Furniture,825.36,33, 41.38 ,Medium,,,,
4812,MX-2014-110772,21-10-2014,Uruguay,South,Furniture,157.98,37.86, 34.45 ,High,,,,
4817,US-2011-161760,22-12-2011,Argentina,South,Technology,2300.616,38.196, 386.00 ,High,,,,
4820,MX-2011-130008,09-12-2011,Mexico,North,Furniture,780.608,-0.032, 226.63 ,High,,,,
4825,MX-2013-167913,27-08-2013,Mexico,North,Office Supplies,1206.84,229.2, 92.99 ,High,,,,
4826,US-2012-104983,18-08-2012,Mexico,North,Technology,1058.2792,-2.1208, 130.14 ,High,,,,
4827,MX-2011-168669,12-10-2011,Dominican Republic,Caribbean,Office Supplies,206.56,48.96, 32.90 ,High,,,,
4833,MX-2011-106334,09-09-2011,Colombia,South,Technology,288.08268,103.28268, 38.03 ,High,,,,
4836,US-2012-100930,05-09-2012,Panama,Central,Technology,230.56488,-81.79512, 33.82 ,High,,,,
4837,US-2012-100930,05-09-2012,Panama,Central,Technology,333.96,-200.44, 66.90 ,High,,,,
4849,MX-2013-153920,07-02-2013,Mexico,North,Furniture,624.736,46.816, 38.38 ,High,,,,
4853,US-2011-163965,21-09-2011,Honduras,Central,Furniture,1403.244,-678.276, 119.06 ,High,,,,
4855,MX-2011-123911,06-10-2011,Brazil,South,Furniture,2147.6,923.44, 190.08 ,Medium,,,,
4858,MX-2013-163783,21-09-2013,Guatemala,Central,Technology,423.67096,88.27096, 42.80 ,Medium,,,,
4873,US-2011-146276,27-06-2011,Venezuela,South,Furniture,267.228,-49.192, 33.40 ,High,,,,
4877,MX-2013-138373,11-12-2013,Cuba,Caribbean,Furniture,942.36,292.08, 49.45 ,Medium,,,,
4880,MX-2013-138373,11-12-2013,Cuba,Caribbean,Furniture,895.18,152.02, 51.74 ,Medium,,,,
4889,US-2014-136084,26-12-2014,Honduras,Central,Office Supplies,909.552,30.272, 47.14 ,Medium,,,,
4891,MX-2011-131478,08-12-2011,Mexico,North,Furniture,2226.816,500.976, 308.66 ,High,,,,
4902,MX-2011-131618,20-01-2011,Mexico,North,Office Supplies,372.28,81.88, 82.67 ,Critical,,,,
4904,MX-2012-111976,05-12-2012,Dominican Republic,Caribbean,Technology,183.95496,-21.24504, 51.59 ,High,,,,
4920,MX-2014-157336,19-05-2014,Brazil,South,Technology,1182.8296,9.4296, 83.16 ,Medium,,,,
4921,MX-2014-157336,19-05-2014,Brazil,South,Technology,1010.16,60.48, 77.31 ,Medium,,,,
4945,MX-2014-165575,05-09-2014,Mexico,North,Technology,478.8404,195.7204, 83.88 ,High,,,,
4948,MX-2013-137568,06-03-2013,Brazil,South,Office Supplies,664.36,166.08, 69.98 ,Medium,,,,
4953,MX-2011-133816,16-02-2011,Cuba,Caribbean,Technology,517.08,180.96, 48.23 ,Medium,,,,
4958,MX-2011-110275,22-11-2011,Nicaragua,Central,Technology,752.51196,134.21196, 131.13 ,Medium,,,,
4959,MX-2011-110275,22-11-2011,Nicaragua,Central,Technology,331.84,23.2, 34.10 ,Medium,,,,
4960,MX-2011-110275,22-11-2011,Nicaragua,Central,Office Supplies,2443.48,121.94, 589.29 ,Medium,,,,
4973,MX-2014-127285,16-10-2014,Trinidad and Tobago,Caribbean,Office Supplies,225.82,8.96, 39.68 ,High,,,,
4975,MX-2013-130582,18-11-2013,Mexico,North,Technology,578.2,0, 35.12 ,Medium,,,,
4976,MX-2013-130582,18-11-2013,Mexico,North,Furniture,2115.216,-396.684, 174.87 ,Medium,,,,
4993,MX-2011-136476,14-11-2011,Brazil,South,Office Supplies,1000.26,200.04, 133.57 ,High,,,,
4998,MX-2012-150756,02-06-2012,El Salvador,Central,Office Supplies,804.56,152.8, 37.09 ,Medium,,,,
5005,MX-2014-112459,28-03-2014,Mexico,North,Furniture,1011.696,126.336, 205.22 ,High,,,,
5010,US-2013-123526,05-06-2013,Honduras,Central,Office Supplies,2180.244,-690.536, 234.04 ,Medium,,,,
5026,MX-2012-163944,04-05-2012,Mexico,North,Technology,698.04112,131.48112, 35.10 ,Medium,,,,
5027,US-2014-117282,30-11-2014,Haiti,Caribbean,Furniture,263.136,-17.584, 43.71 ,High,,,,
5041,MX-2013-141859,15-06-2013,Mexico,North,Technology,423.19192,41.55192, 50.35 ,High,,,,
5043,MX-2013-132129,03-07-2013,Brazil,South,Technology,631.91364,87.35364, 37.72 ,Medium,,,,
5045,MX-2013-161326,26-10-2013,Jamaica,Caribbean,Office Supplies,377.68,86.84, 36.38 ,High,,,,
5051,MX-2013-141474,30-10-2013,Nicaragua,Central,Technology,2125,297.5, 316.76 ,Low,,,,
5057,MX-2011-147816,31-05-2011,Mexico,North,Technology,761.73348,120.57348, 173.68 ,High,,,,
5061,MX-2014-111661,27-05-2014,Nicaragua,Central,Technology,698.04112,131.48112, 62.65 ,Medium,,,,
5067,MX-2012-162411,25-07-2012,Brazil,South,Office Supplies,1731.1,17.3, 67.24 ,Medium,,,,
5073,MX-2014-107832,22-12-2014,El Salvador,Central,Technology,228.78,11.4, 45.51 ,Medium,,,,
5074,MX-2013-166800,20-09-2013,El Salvador,Central,Furniture,417,133.4, 55.07 ,Critical,,,,
5084,MX-2012-164819,18-05-2012,Mexico,North,Office Supplies,692.7,13.8, 83.30 ,Medium,,,,
5093,MX-2013-100601,19-09-2013,Nicaragua,Central,Furniture,168.04,70.56, 48.19 ,Critical,,,,
5095,MX-2014-124800,14-11-2014,Mexico,North,Technology,341.55552,115.63552, 44.35 ,High,,,,
5101,MX-2011-136399,20-06-2011,Mexico,North,Technology,1516.28136,680.60136, 84.51 ,Medium,,,,
5105,MX-2014-123337,29-09-2014,Mexico,North,Technology,1274.7,293.16, 88.45 ,Low,,,,
5112,MX-2012-144848,03-08-2012,Brazil,South,Office Supplies,1455.08,261.8, 320.29 ,Medium,,,,
5124,US-2012-163118,25-12-2012,Panama,Central,Technology,606.1328,-164.2672, 93.70 ,Low,,,,
5125,MX-2013-108868,26-09-2013,Cuba,Caribbean,Furniture,362,170.1, 43.14 ,High,,,,
5138,US-2013-130855,08-01-2013,Mexico,North,Furniture,751.488,-112.752, 246.73 ,Critical,,,,
5141,US-2013-130855,08-01-2013,Mexico,North,Furniture,171.312,-22.848, 62.27 ,Critical,,,,
5144,US-2013-130855,08-01-2013,Mexico,North,Technology,525.48,120.84, 175.74 ,Critical,,,,
5154,US-2012-155439,28-04-2012,Honduras,Central,Technology,1207.67296,-286.88704, 187.69 ,Low,,,,
5163,MX-2013-132269,19-06-2013,Brazil,South,Technology,447.74272,178.54272, 59.64 ,High,,,,
5169,MX-2014-161459,30-09-2014,Mexico,North,Furniture,500.992,-75.168, 42.41 ,High,,,,
5179,MX-2011-151694,15-10-2011,Mexico,North,Technology,339.39984,101.31984, 80.62 ,High,,,,
5180,US-2013-151008,08-11-2013,Honduras,Central,Technology,166.032,-24.928, 34.13 ,Critical,,,,
5182,US-2013-151008,08-11-2013,Honduras,Central,Technology,452.55444,-77.24556, 125.59 ,Critical,,,,
5187,MX-2012-115798,03-11-2012,Brazil,South,Technology,281.61564,13.53564, 43.69 ,High,,,,
5196,MX-2013-138954,12-06-2013,El Salvador,Central,Technology,469.92,79.84, 61.84 ,High,,,,
5199,MX-2014-100419,24-06-2014,Nicaragua,Central,Furniture,474.8,137.6, 63.74 ,High,,,,
5213,MX-2012-131380,05-06-2012,Dominican Republic,Caribbean,Furniture,177.824,37.784, 50.93 ,High,,,,
5217,MX-2014-117905,10-12-2014,Nicaragua,Central,Technology,127,55.8, 36.50 ,High,,,,
5222,MX-2012-122406,13-02-2012,Brazil,South,Furniture,254.52,114.48, 38.59 ,High,,,,
5225,MX-2012-153325,24-04-2012,Mexico,North,Furniture,274.416,-48.024, 66.70 ,Medium,,,,
5226,MX-2012-153325,24-04-2012,Mexico,North,Furniture,672.448,75.628, 158.84 ,Medium,,,,
5230,MX-2013-108553,21-12-2013,Nicaragua,Central,Office Supplies,757.2,249.84, 159.71 ,Medium,,,,
5233,MX-2013-108553,21-12-2013,Nicaragua,Central,Technology,139.8,51.7, 37.04 ,Medium,,,,
5246,MX-2013-158701,23-05-2013,Colombia,South,Technology,473.9502,36.9502, 50.07 ,High,,,,
5248,MX-2013-158701,23-05-2013,Colombia,South,Furniture,583.48,93.32, 125.90 ,High,,,,
5251,MX-2013-135916,18-01-2013,Guatemala,Central,Office Supplies,1119.36,22.38, 164.45 ,Medium,,,,
5252,MX-2013-135916,18-01-2013,Guatemala,Central,Furniture,382.9,26.8, 37.03 ,Medium,,,,
5256,MX-2013-105046,31-12-2013,Nicaragua,Central,Technology,1198.2986,165.5986, 240.09 ,High,,,,
5259,MX-2011-116218,09-02-2011,Mexico,North,Furniture,406.704,106.704, 44.67 ,High,,,,
5260,MX-2011-116218,09-02-2011,Mexico,North,Technology,513.29136,91.53136, 55.89 ,High,,,,
5265,US-2011-126256,08-09-2011,Dominican Republic,Caribbean,Furniture,546.944,191.424, 54.89 ,Medium,,,,
5270,MX-2011-146248,30-05-2011,Brazil,South,Furniture,489.12,29.32, 34.39 ,Medium,,,,
5271,MX-2011-146248,30-05-2011,Brazil,South,Technology,1198.2986,165.5986, 34.75 ,Medium,,,,
5283,MX-2014-154802,21-07-2014,Cuba,Caribbean,Furniture,548.2,197.3, 41.94 ,Medium,,,,
5289,MX-2013-154942,11-12-2013,El Salvador,Central,Furniture,960.64,278.56, 64.96 ,Medium,,,,
5296,MX-2014-143763,22-10-2014,Brazil,South,Technology,866.0644,232.5644, 78.46 ,Medium,,,,
5305,MX-2013-159142,06-06-2013,Mexico,North,Furniture,657.216,238.236, 63.68 ,High,,,,
5306,MX-2014-117051,12-10-2014,Cuba,Caribbean,Furniture,1483,741.5, 303.65 ,High,,,,
5311,US-2014-152744,24-01-2014,Mexico,North,Furniture,970.048,-36.432, 110.83 ,Medium,,,,
5312,US-2013-158967,17-06-2013,Haiti,Caribbean,Furniture,265.824,-172.816, 38.18 ,High,,,,
5313,US-2013-158967,17-06-2013,Haiti,Caribbean,Furniture,1091.412,-527.548, 158.59 ,High,,,,
5314,MX-2012-164693,28-05-2012,Guatemala,Central,Furniture,570.9,239.7, 174.85 ,Critical,,,,
5315,US-2013-108854,01-06-2013,Dominican Republic,Caribbean,Furniture,680.848,-59.612, 73.18 ,High,,,,
5323,US-2013-150189,28-05-2013,Mexico,North,Furniture,199.392,-37.488, 37.71 ,Medium,,,,
5325,MX-2014-158589,10-12-2014,Mexico,North,Furniture,1267.76,221.76, 71.12 ,Medium,,,,
5329,MX-2014-161837,30-07-2014,Nicaragua,Central,Furniture,761.6,114.24, 71.15 ,High,,,,
5336,US-2014-116778,01-03-2014,Honduras,Central,Technology,382.51668,-257.14332, 52.88 ,High,,,,
5343,MX-2013-131793,31-10-2013,Mexico,North,Office Supplies,277.08,5.52, 51.96 ,Low,,,,
5350,MX-2013-129924,24-06-2013,Mexico,North,Furniture,286.464,42.944, 59.59 ,Critical,,,,
5355,MX-2011-128902,25-10-2011,Nicaragua,Central,Technology,675.72,175.68, 46.83 ,Low,,,,
5361,MX-2014-136784,20-10-2014,Mexico,North,Office Supplies,562.68,22.44, 66.97 ,Medium,,,,
5371,MX-2013-150861,13-12-2013,Brazil,South,Furniture,1461.7,233.8, 48.59 ,Medium,,,,
5377,MX-2014-156258,31-10-2014,Honduras,Central,Furniture,492.912,73.932, 139.69 ,Critical,,,,
5378,MX-2014-156258,31-10-2014,Honduras,Central,Technology,232.344,-23.296, 53.16 ,Critical,,,,
5379,MX-2014-156258,31-10-2014,Honduras,Central,Office Supplies,238.14,23.76, 50.81 ,Critical,,,,
5398,MX-2014-163839,12-06-2014,Mexico,North,Office Supplies,479.36,119.84, 46.73 ,Medium,,,,
5405,MX-2011-149027,22-10-2011,Chile,South,Furniture,940.96,197.6, 42.90 ,Medium,,,,
5414,MX-2012-150560,21-09-2012,Colombia,South,Furniture,728.64,189.42, 48.42 ,Medium,,,,
5416,MX-2013-107804,11-06-2013,El Salvador,Central,Technology,369.84,25.86, 54.88 ,Low,,,,
5420,MX-2014-131072,14-01-2014,Jamaica,Caribbean,Furniture,537.6,134.4, 94.50 ,High,,,,
5430,MX-2012-133221,10-06-2012,Colombia,South,Furniture,398.52,191.28, 54.04 ,Low,,,,
5432,MX-2012-133221,10-06-2012,Colombia,South,Technology,495.42,99.06, 59.47 ,Low,,,,
5434,MX-2011-147158,01-06-2011,Nicaragua,Central,Furniture,482.48,130.24, 66.70 ,High,,,,
5435,MX-2011-120096,16-10-2011,Nicaragua,Central,Office Supplies,272.84,117.32, 33.68 ,High,,,,
5436,MX-2011-120096,16-10-2011,Nicaragua,Central,Technology,601.55448,-1.20552, 66.73 ,High,,,,
5439,MX-2013-118941,20-10-2013,Mexico,North,Office Supplies,408.3,44.88, 48.14 ,Medium,,,,
5442,MX-2014-117233,30-06-2014,Guatemala,Central,Furniture,469.12,220.48, 98.61 ,Critical,,,,
5443,MX-2013-100342,25-06-2013,Cuba,Caribbean,Technology,773.6496,99.0896, 58.68 ,Medium,,,,
5447,US-2012-131513,20-10-2012,Peru,South,Furniture,986.904,-115.176, 90.92 ,Low,,,,
5454,MX-2014-166905,25-12-2014,Mexico,North,Technology,1649.25488,277.53488, 106.62 ,Medium,,,,
5458,MX-2012-136315,26-11-2012,Mexico,North,Office Supplies,414.66,199.02, 41.41 ,High,,,,
5464,US-2013-107461,09-07-2013,Dominican Republic,Caribbean,Office Supplies,210.048,20.928, 35.43 ,High,,,,
5466,MX-2014-101980,17-04-2014,Cuba,Caribbean,Technology,516.66,87.78, 40.37 ,Medium,,,,
5467,MX-2014-101980,17-04-2014,Cuba,Caribbean,Office Supplies,1801.6,180.1, 241.54 ,Medium,,,,
5469,MX-2014-161641,25-11-2014,Brazil,South,Technology,410.8,127.3, 50.38 ,Medium,,,,
5471,MX-2014-161641,25-11-2014,Brazil,South,Furniture,1570.6,486.8, 184.30 ,Medium,,,,
5474,MX-2014-148418,04-09-2014,El Salvador,Central,Furniture,224.4,17.92, 52.25 ,High,,,,
5484,MX-2014-166681,23-09-2014,Barbados,Caribbean,Technology,471.21568,79.29568, 48.07 ,High,,,,
5487,MX-2012-143175,25-10-2012,Mexico,North,Technology,946.26368,7.54368, 55.12 ,Medium,,,,
5493,MX-2014-131765,15-08-2014,Colombia,South,Technology,513.12,0, 55.45 ,High,,,,
5496,MX-2014-131765,15-08-2014,Colombia,South,Technology,1161.16,452.76, 162.57 ,High,,,,
5498,MX-2013-111010,29-08-2013,Brazil,South,Furniture,551.872,68.952, 81.22 ,High,,,,
5500,MX-2013-111010,29-08-2013,Brazil,South,Office Supplies,366.08,21.78, 41.14 ,High,,,,
5502,MX-2013-111010,29-08-2013,Brazil,South,Technology,279.6,16.7, 34.49 ,High,,,,
5506,MX-2012-147312,29-06-2012,Brazil,South,Furniture,177.48,3.52, 39.57 ,Medium,,,,
5523,MX-2014-124968,22-05-2014,Brazil,South,Office Supplies,527.76,5.2, 39.52 ,Medium,,,,
5543,US-2013-107776,09-10-2013,Mexico,North,Furniture,705.072,-132.228, 52.83 ,Medium,,,,
5569,MX-2012-165330,08-01-2012,Mexico,North,Furniture,2092.752,52.272, 169.93 ,Medium,,,,
5572,MX-2013-130876,04-01-2013,Mexico,North,Furniture,306.992,-76.748, 104.03 ,Critical,,,,
5577,US-2011-137001,05-12-2011,Haiti,Caribbean,Furniture,367.2,-36.72, 51.05 ,High,,,,
5589,MX-2013-107006,10-12-2013,Cuba,Caribbean,Office Supplies,164.48,18.08, 35.49 ,High,,,,
5590,MX-2013-107006,10-12-2013,Cuba,Caribbean,Furniture,1176,0, 59.04 ,High,,,,
5603,MX-2013-127866,07-02-2013,Nicaragua,Central,Office Supplies,1023.36,184.08, 78.58 ,High,,,,
5604,US-2012-110870,22-03-2012,Mexico,North,Furniture,633.92,-39.62, 77.25 ,High,,,,
5652,MX-2014-167899,01-08-2014,Dominican Republic,Caribbean,Technology,660.08,131.98, 47.06 ,Medium,,,,
5655,MX-2013-135377,03-10-2013,Argentina,South,Technology,292.99608,-177.40392, 34.32 ,High,,,,
5659,MX-2013-146164,08-07-2013,Mexico,North,Technology,225.24,58.56, 46.42 ,Low,,,,
5668,US-2014-154781,09-10-2014,Mexico,North,Furniture,908.608,-193.152, 202.39 ,High,,,,
5670,MX-2014-156916,08-08-2014,Colombia,South,Furniture,555.6,177.7, 109.97 ,Critical,,,,
5678,MX-2011-132584,06-05-2011,Cuba,Caribbean,Technology,199.75968,55.63968, 56.73 ,Critical,,,,
5679,MX-2011-132584,06-05-2011,Cuba,Caribbean,Furniture,187.88,16.88, 59.76 ,Critical,,,,
5688,US-2014-165267,04-10-2014,Brazil,South,Furniture,524.896,-124.664, 46.48 ,Medium,,,,
5694,US-2011-153745,25-11-2011,Mexico,North,Furniture,659.424,-0.036, 104.52 ,Medium,,,,
5697,US-2011-158435,27-04-2011,Honduras,Central,Furniture,920.4,46, 47.23 ,High,,,,
5700,MX-2013-160962,31-07-2013,Mexico,North,Technology,690,124.16, 86.19 ,High,,,,
5708,MX-2014-132248,18-04-2014,Guatemala,Central,Furniture,712.992,213.852, 56.80 ,Medium,,,,
